pre_neuron,muscle_name,muscle_index,quadrant,segment,weight,sign,source
IL1DL,dBWML1,0,DL,1,11.0,1,Cook2019_SI5
RMDDR,dBWML1,0,DL,1,2.0,1,Cook2019_SI5
RMEV,dBWML1,0,DL,1,1.0,1,Cook2019_SI5
SABD,dBWML1,0,DL,1,15.0,1,Cook2019_SI5
SMBDR,dBWML1,0,DL,1,5.0,1,Cook2019_SI5
SMDDL,dBWML1,0,DL,1,4.0,1,Cook2019_SI5
SMDVL,dBWML1,0,DL,1,3.0,1,Cook2019_SI5
URADL,dBWML1,0,DL,1,2.0,1,Cook2019_SI5
IL1DL,dBWML2,1,DL,2,4.0,1,Cook2019_SI5
RMDDR,dBWML2,1,DL,2,12.0,1,Cook2019_SI5
RMEV,dBWML2,1,DL,2,5.0,1,Cook2019_SI5
SMBDR,dBWML2,1,DL,2,11.0,1,Cook2019_SI5
SMDDL,dBWML2,1,DL,2,3.0,1,Cook2019_SI5
SMDDR,dBWML2,1,DL,2,3.0,1,Cook2019_SI5
SMDVL,dBWML2,1,DL,2,3.0,1,Cook2019_SI5
URADL,dBWML2,1,DL,2,7.0,1,Cook2019_SI5
ADEL,dBWML3,2,DL,3,1.0,1,Cook2019_SI5
IL1DL,dBWML3,2,DL,3,5.0,1,Cook2019_SI5
IL1L,dBWML3,2,DL,3,16.0,1,Cook2019_SI5
RMDDR,dBWML3,2,DL,3,1.0,1,Cook2019_SI5
RMDL,dBWML3,2,DL,3,1.0,1,Cook2019_SI5
RMDVR,dBWML3,2,DL,3,5.0,1,Cook2019_SI5
RMER,dBWML3,2,DL,3,45.0,1,Cook2019_SI5
RMHR,dBWML3,2,DL,3,1.0,1,Cook2019_SI5
SAADR,dBWML3,2,DL,3,7.0,1,Cook2019_SI5
SABD,dBWML3,2,DL,3,67.0,1,Cook2019_SI5
IL1L,dBWML4,3,DL,4,15.0,1,Cook2019_SI5
RMDDR,dBWML4,3,DL,4,17.0,1,Cook2019_SI5
RMER,dBWML4,3,DL,4,4.0,1,Cook2019_SI5
RMGL,dBWML4,3,DL,4,7.0,1,Cook2019_SI5
RMHR,dBWML4,3,DL,4,7.0,1,Cook2019_SI5
SAADR,dBWML4,3,DL,4,3.0,1,Cook2019_SI5
SABD,dBWML4,3,DL,4,63.0,1,Cook2019_SI5
SMBDR,dBWML4,3,DL,4,3.0,1,Cook2019_SI5
ADEL,dBWML5,4,DL,5,1.0,1,Cook2019_SI5
BDUL,dBWML5,4,DL,5,3.0,1,Cook2019_SI5
CEPDL,dBWML5,4,DL,5,2.0,1,Cook2019_SI5
IL1L,dBWML5,4,DL,5,7.0,1,Cook2019_SI5
RIFL,dBWML5,4,DL,5,2.0,1,Cook2019_SI5
RIMR,dBWML5,4,DL,5,15.0,1,Cook2019_SI5
RMDL,dBWML5,4,DL,5,2.0,1,Cook2019_SI5
RMDR,dBWML5,4,DL,5,2.0,1,Cook2019_SI5
RMGL,dBWML5,4,DL,5,1.0,1,Cook2019_SI5
RMHR,dBWML5,4,DL,5,8.0,1,Cook2019_SI5
SIADR,dBWML5,4,DL,5,8.0,1,Cook2019_SI5
SIBDR,dBWML5,4,DL,5,3.0,1,Cook2019_SI5
SMBDR,dBWML5,4,DL,5,20.0,1,Cook2019_SI5
SMDDR,dBWML5,4,DL,5,11.0,1,Cook2019_SI5
AS01,dBWML6,5,DL,6,4.0,1,Cook2019_SI5
DA01,dBWML6,5,DL,6,9.0,1,Cook2019_SI5
DB01,dBWML6,5,DL,6,3.0,1,Cook2019_SI5
DD01,dBWML6,5,DL,6,1.0,-1,Cook2019_SI5
IL1DL,dBWML6,5,DL,6,9.0,1,Cook2019_SI5
OLQDL,dBWML6,5,DL,6,1.0,1,Cook2019_SI5
RMDDR,dBWML6,5,DL,6,3.0,1,Cook2019_SI5
SAADR,dBWML6,5,DL,6,2.0,1,Cook2019_SI5
SABD,dBWML6,5,DL,6,20.0,1,Cook2019_SI5
SIADR,dBWML6,5,DL,6,3.0,1,Cook2019_SI5
SIBDR,dBWML6,5,DL,6,1.0,1,Cook2019_SI5
SMBDR,dBWML6,5,DL,6,7.0,1,Cook2019_SI5
SMDDL,dBWML6,5,DL,6,2.0,1,Cook2019_SI5
SMDDR,dBWML6,5,DL,6,4.0,1,Cook2019_SI5
URADL,dBWML6,5,DL,6,11.0,1,Cook2019_SI5
AS01,dBWML7,6,DL,7,6.0,1,Cook2019_SI5
AS02,dBWML7,6,DL,7,2.0,1,Cook2019_SI5
DA01,dBWML7,6,DL,7,8.0,1,Cook2019_SI5
DA02,dBWML7,6,DL,7,1.0,1,Cook2019_SI5
DD01,dBWML7,6,DL,7,4.0,-1,Cook2019_SI5
SIADR,dBWML7,6,DL,7,8.0,1,Cook2019_SI5
SIBDR,dBWML7,6,DL,7,3.0,1,Cook2019_SI5
SMBDR,dBWML7,6,DL,7,9.0,1,Cook2019_SI5
SMDDL,dBWML7,6,DL,7,1.0,1,Cook2019_SI5
SMDDR,dBWML7,6,DL,7,6.0,1,Cook2019_SI5
AS02,dBWML8,7,DL,8,5.0,1,Cook2019_SI5
DA01,dBWML8,7,DL,8,3.0,1,Cook2019_SI5
DA02,dBWML8,7,DL,8,5.0,1,Cook2019_SI5
DB01,dBWML8,7,DL,8,3.0,1,Cook2019_SI5
DD01,dBWML8,7,DL,8,9.0,-1,Cook2019_SI5
SIADR,dBWML8,7,DL,8,12.0,1,Cook2019_SI5
SIBDR,dBWML8,7,DL,8,4.0,1,Cook2019_SI5
SMBDR,dBWML8,7,DL,8,12.0,1,Cook2019_SI5
SMDDR,dBWML8,7,DL,8,8.0,1,Cook2019_SI5
AS02,dBWML9,8,DL,9,6.0,1,Cook2019_SI5
AS03,dBWML9,8,DL,9,1.0,1,Cook2019_SI5
DA02,dBWML9,8,DL,9,4.0,1,Cook2019_SI5
DA03,dBWML9,8,DL,9,3.0,1,Cook2019_SI5
DB01,dBWML9,8,DL,9,6.0,1,Cook2019_SI5
DB02,dBWML9,8,DL,9,2.0,1,Cook2019_SI5
DD01,dBWML9,8,DL,9,13.0,-1,Cook2019_SI5
SIADR,dBWML9,8,DL,9,8.0,1,Cook2019_SI5
SIBDR,dBWML9,8,DL,9,3.0,1,Cook2019_SI5
SMBDR,dBWML9,8,DL,9,9.0,1,Cook2019_SI5
SMDDR,dBWML9,8,DL,9,6.0,1,Cook2019_SI5
AS03,dBWML10,9,DL,10,7.0,1,Cook2019_SI5
AS04,dBWML10,9,DL,10,5.0,1,Cook2019_SI5
DA02,dBWML10,9,DL,10,2.0,1,Cook2019_SI5
DA03,dBWML10,9,DL,10,17.0,1,Cook2019_SI5
DB02,dBWML10,9,DL,10,4.0,1,Cook2019_SI5
DD02,dBWML10,9,DL,10,4.0,-1,Cook2019_SI5
SIADR,dBWML10,9,DL,10,8.0,1,Cook2019_SI5
SIBDR,dBWML10,9,DL,10,3.0,1,Cook2019_SI5
SMBDR,dBWML10,9,DL,10,9.0,1,Cook2019_SI5
SMDDR,dBWML10,9,DL,10,6.0,1,Cook2019_SI5
AS04,dBWML11,10,DL,11,5.0,1,Cook2019_SI5
AS05,dBWML11,10,DL,11,2.0,1,Cook2019_SI5
DA03,dBWML11,10,DL,11,12.0,1,Cook2019_SI5
DA04,dBWML11,10,DL,11,6.0,1,Cook2019_SI5
DA06,dBWML11,10,DL,11,1.0,1,Cook2019_SI5
DB02,dBWML11,10,DL,11,5.0,1,Cook2019_SI5
DB03,dBWML11,10,DL,11,6.0,1,Cook2019_SI5
DD02,dBWML11,10,DL,11,9.0,-1,Cook2019_SI5
SIADR,dBWML11,10,DL,11,8.0,1,Cook2019_SI5
SIBDR,dBWML11,10,DL,11,3.0,1,Cook2019_SI5
SMBDR,dBWML11,10,DL,11,9.0,1,Cook2019_SI5
SMDDR,dBWML11,10,DL,11,6.0,1,Cook2019_SI5
AS04,dBWML12,11,DL,12,2.0,1,Cook2019_SI5
AS05,dBWML12,11,DL,12,8.0,1,Cook2019_SI5
DA04,dBWML12,11,DL,12,10.0,1,Cook2019_SI5
DA05,dBWML12,11,DL,12,1.0,1,Cook2019_SI5
DA06,dBWML12,11,DL,12,1.0,1,Cook2019_SI5
DB02,dBWML12,11,DL,12,1.0,1,Cook2019_SI5
DB03,dBWML12,11,DL,12,1.0,1,Cook2019_SI5
DD02,dBWML12,11,DL,12,6.0,-1,Cook2019_SI5
DD03,dBWML12,11,DL,12,4.0,-1,Cook2019_SI5
SIADR,dBWML12,11,DL,12,8.0,1,Cook2019_SI5
SIBDR,dBWML12,11,DL,12,3.0,1,Cook2019_SI5
SMBDR,dBWML12,11,DL,12,9.0,1,Cook2019_SI5
SMDDR,dBWML12,11,DL,12,6.0,1,Cook2019_SI5
AS06,dBWML13,12,DL,13,2.0,1,Cook2019_SI5
DA04,dBWML13,12,DL,13,1.0,1,Cook2019_SI5
DA05,dBWML13,12,DL,13,10.0,1,Cook2019_SI5
DA06,dBWML13,12,DL,13,5.0,1,Cook2019_SI5
DB03,dBWML13,12,DL,13,3.0,1,Cook2019_SI5
DB04,dBWML13,12,DL,13,4.0,1,Cook2019_SI5
DD03,dBWML13,12,DL,13,6.0,-1,Cook2019_SI5
RID,dBWML13,12,DL,13,1.0,1,Cook2019_SI5
SIADR,dBWML13,12,DL,13,8.0,1,Cook2019_SI5
SIBDR,dBWML13,12,DL,13,3.0,1,Cook2019_SI5
SMBDR,dBWML13,12,DL,13,9.0,1,Cook2019_SI5
SMDDR,dBWML13,12,DL,13,6.0,1,Cook2019_SI5
AS06,dBWML14,13,DL,14,3.0,1,Cook2019_SI5
DA05,dBWML14,13,DL,14,7.0,1,Cook2019_SI5
DA06,dBWML14,13,DL,14,4.0,1,Cook2019_SI5
DA07,dBWML14,13,DL,14,3.0,1,Cook2019_SI5
DB03,dBWML14,13,DL,14,1.0,1,Cook2019_SI5
DB04,dBWML14,13,DL,14,1.0,1,Cook2019_SI5
DB05,dBWML14,13,DL,14,2.0,1,Cook2019_SI5
DD03,dBWML14,13,DL,14,2.0,-1,Cook2019_SI5
RID,dBWML14,13,DL,14,1.0,1,Cook2019_SI5
SIADR,dBWML14,13,DL,14,8.0,1,Cook2019_SI5
SIBDR,dBWML14,13,DL,14,3.0,1,Cook2019_SI5
SMBDR,dBWML14,13,DL,14,9.0,1,Cook2019_SI5
SMDDR,dBWML14,13,DL,14,6.0,1,Cook2019_SI5
AS07,dBWML15,14,DL,15,2.0,1,Cook2019_SI5
DA06,dBWML15,14,DL,15,4.0,1,Cook2019_SI5
DA07,dBWML15,14,DL,15,3.0,1,Cook2019_SI5
DB04,dBWML15,14,DL,15,3.0,1,Cook2019_SI5
DB05,dBWML15,14,DL,15,2.0,1,Cook2019_SI5
DD03,dBWML15,14,DL,15,5.0,-1,Cook2019_SI5
SIADR,dBWML15,14,DL,15,8.0,1,Cook2019_SI5
SIBDR,dBWML15,14,DL,15,3.0,1,Cook2019_SI5
SMBDR,dBWML15,14,DL,15,9.0,1,Cook2019_SI5
SMDDR,dBWML15,14,DL,15,6.0,1,Cook2019_SI5
AS07,dBWML16,15,DL,16,3.0,1,Cook2019_SI5
DA06,dBWML16,15,DL,16,4.0,1,Cook2019_SI5
DA07,dBWML16,15,DL,16,3.0,1,Cook2019_SI5
DA08,dBWML16,15,DL,16,3.0,1,Cook2019_SI5
DB04,dBWML16,15,DL,16,3.0,1,Cook2019_SI5
DB05,dBWML16,15,DL,16,2.0,1,Cook2019_SI5
DB06,dBWML16,15,DL,16,2.0,1,Cook2019_SI5
DD04,dBWML16,15,DL,16,5.0,-1,Cook2019_SI5
SIADR,dBWML16,15,DL,16,3.0,1,Cook2019_SI5
SIBDR,dBWML16,15,DL,16,1.0,1,Cook2019_SI5
SMBDR,dBWML16,15,DL,16,3.0,1,Cook2019_SI5
SMDDR,dBWML16,15,DL,16,2.0,1,Cook2019_SI5
AS08,dBWML17,16,DL,17,2.0,1,Cook2019_SI5
DA07,dBWML17,16,DL,17,3.0,1,Cook2019_SI5
DA08,dBWML17,16,DL,17,3.0,1,Cook2019_SI5
DB05,dBWML17,16,DL,17,2.0,1,Cook2019_SI5
DB06,dBWML17,16,DL,17,2.0,1,Cook2019_SI5
DD04,dBWML17,16,DL,17,9.0,-1,Cook2019_SI5
AS08,dBWML18,17,DL,18,3.0,1,Cook2019_SI5
DA07,dBWML18,17,DL,18,4.0,1,Cook2019_SI5
DA08,dBWML18,17,DL,18,3.0,1,Cook2019_SI5
DB05,dBWML18,17,DL,18,2.0,1,Cook2019_SI5
DB06,dBWML18,17,DL,18,2.0,1,Cook2019_SI5
DD04,dBWML18,17,DL,18,5.0,-1,Cook2019_SI5
AS09,dBWML19,18,DL,19,3.0,1,Cook2019_SI5
DA07,dBWML19,18,DL,19,3.0,1,Cook2019_SI5
DA08,dBWML19,18,DL,19,3.0,1,Cook2019_SI5
DA09,dBWML19,18,DL,19,3.0,1,Cook2019_SI5
DB05,dBWML19,18,DL,19,2.0,1,Cook2019_SI5
DB06,dBWML19,18,DL,19,2.0,1,Cook2019_SI5
DB07,dBWML19,18,DL,19,2.0,1,Cook2019_SI5
DD05,dBWML19,18,DL,19,5.0,-1,Cook2019_SI5
AS09,dBWML20,19,DL,20,2.0,1,Cook2019_SI5
AS10,dBWML20,19,DL,20,3.0,1,Cook2019_SI5
DA08,dBWML20,19,DL,20,4.0,1,Cook2019_SI5
DA09,dBWML20,19,DL,20,3.0,1,Cook2019_SI5
DB06,dBWML20,19,DL,20,2.0,1,Cook2019_SI5
DB07,dBWML20,19,DL,20,2.0,1,Cook2019_SI5
DD05,dBWML20,19,DL,20,9.0,-1,Cook2019_SI5
AS10,dBWML21,20,DL,21,2.0,1,Cook2019_SI5
AS11,dBWML21,20,DL,21,3.0,1,Cook2019_SI5
DA08,dBWML21,20,DL,21,3.0,1,Cook2019_SI5
DA09,dBWML21,20,DL,21,3.0,1,Cook2019_SI5
DB06,dBWML21,20,DL,21,2.0,1,Cook2019_SI5
DB07,dBWML21,20,DL,21,2.0,1,Cook2019_SI5
DD05,dBWML21,20,DL,21,5.0,-1,Cook2019_SI5
PDA,dBWML21,20,DL,21,4.0,1,Cook2019_SI5
AS11,dBWML22,21,DL,22,2.0,1,Cook2019_SI5
DA09,dBWML22,21,DL,22,6.0,1,Cook2019_SI5
DB07,dBWML22,21,DL,22,2.0,1,Cook2019_SI5
DD06,dBWML22,21,DL,22,5.0,-1,Cook2019_SI5
PDA,dBWML22,21,DL,22,1.0,1,Cook2019_SI5
PDB,dBWML22,21,DL,22,2.0,1,Cook2019_SI5
DA09,dBWML23,22,DL,23,3.0,1,Cook2019_SI5
DB07,dBWML23,22,DL,23,2.0,1,Cook2019_SI5
DD06,dBWML23,22,DL,23,9.0,-1,Cook2019_SI5
PDA,dBWML23,22,DL,23,5.0,1,Cook2019_SI5
PDB,dBWML23,22,DL,23,2.0,1,Cook2019_SI5
DA09,dBWML24,23,DL,24,4.0,1,Cook2019_SI5
DB07,dBWML24,23,DL,24,2.0,1,Cook2019_SI5
DD06,dBWML24,23,DL,24,5.0,-1,Cook2019_SI5
PDA,dBWML24,23,DL,24,6.0,1,Cook2019_SI5
PDB,dBWML24,23,DL,24,3.0,1,Cook2019_SI5
IL1DR,dBWMR1,24,DR,1,14.0,1,Cook2019_SI5
RMDDL,dBWMR1,24,DR,1,8.0,1,Cook2019_SI5
RMDDR,dBWMR1,24,DR,1,3.0,1,Cook2019_SI5
RMEV,dBWMR1,24,DR,1,9.0,1,Cook2019_SI5
SABD,dBWMR1,24,DR,1,15.0,1,Cook2019_SI5
SMBDL,dBWMR1,24,DR,1,4.0,1,Cook2019_SI5
SMBDR,dBWMR1,24,DR,1,3.0,1,Cook2019_SI5
SMDDL,dBWMR1,24,DR,1,3.0,1,Cook2019_SI5
URADR,dBWMR1,24,DR,1,15.0,1,Cook2019_SI5
IL1DR,dBWMR2,25,DR,2,6.0,1,Cook2019_SI5
RMDDL,dBWMR2,25,DR,2,4.0,1,Cook2019_SI5
RMDDR,dBWMR2,25,DR,2,7.0,1,Cook2019_SI5
RMEV,dBWMR2,25,DR,2,5.0,1,Cook2019_SI5
SMBDL,dBWMR2,25,DR,2,11.0,1,Cook2019_SI5
SMBDR,dBWMR2,25,DR,2,3.0,1,Cook2019_SI5
URADR,dBWMR2,25,DR,2,5.0,1,Cook2019_SI5
URYDR,dBWMR2,25,DR,2,2.0,1,Cook2019_SI5
CEPDR,dBWMR3,26,DR,3,5.0,1,Cook2019_SI5
IL1DR,dBWMR3,26,DR,3,12.0,1,Cook2019_SI5
IL1R,dBWMR3,26,DR,3,16.0,1,Cook2019_SI5
RMDDL,dBWMR3,26,DR,3,8.0,1,Cook2019_SI5
RMDL,dBWMR3,26,DR,3,4.0,1,Cook2019_SI5
RMEL,dBWMR3,26,DR,3,22.0,1,Cook2019_SI5
RMHL,dBWMR3,26,DR,3,7.0,1,Cook2019_SI5
SAADL,dBWMR3,26,DR,3,7.0,1,Cook2019_SI5
SABD,dBWMR3,26,DR,3,67.0,1,Cook2019_SI5
SMBDL,dBWMR3,26,DR,3,6.0,1,Cook2019_SI5
URADR,dBWMR3,26,DR,3,4.0,1,Cook2019_SI5
ADER,dBWMR4,27,DR,4,1.0,1,Cook2019_SI5
IL1R,dBWMR4,27,DR,4,3.0,1,Cook2019_SI5
RMDDL,dBWMR4,27,DR,4,12.0,1,Cook2019_SI5
RMDL,dBWMR4,27,DR,4,6.0,1,Cook2019_SI5
RMHL,dBWMR4,27,DR,4,2.0,1,Cook2019_SI5
SAADL,dBWMR4,27,DR,4,3.0,1,Cook2019_SI5
SABD,dBWMR4,27,DR,4,63.0,1,Cook2019_SI5
SIBDR,dBWMR4,27,DR,4,1.0,1,Cook2019_SI5
SIBVR,dBWMR4,27,DR,4,1.0,1,Cook2019_SI5
SMBDL,dBWMR4,27,DR,4,9.0,1,Cook2019_SI5
SMBVR,dBWMR4,27,DR,4,1.0,1,Cook2019_SI5
SMDDL,dBWMR4,27,DR,4,1.0,1,Cook2019_SI5
URADR,dBWMR4,27,DR,4,4.0,1,Cook2019_SI5
CEPDR,dBWMR5,28,DR,5,2.0,1,Cook2019_SI5
IL1R,dBWMR5,28,DR,5,13.0,1,Cook2019_SI5
RIML,dBWMR5,28,DR,5,6.0,1,Cook2019_SI5
RMDDL,dBWMR5,28,DR,5,13.0,1,Cook2019_SI5
RMEL,dBWMR5,28,DR,5,7.0,1,Cook2019_SI5
RMGR,dBWMR5,28,DR,5,3.0,1,Cook2019_SI5
RMHL,dBWMR5,28,DR,5,2.0,1,Cook2019_SI5
SIADL,dBWMR5,28,DR,5,8.0,1,Cook2019_SI5
SIBDL,dBWMR5,28,DR,5,3.0,1,Cook2019_SI5
SMBDL,dBWMR5,28,DR,5,9.0,1,Cook2019_SI5
SMDDL,dBWMR5,28,DR,5,6.0,1,Cook2019_SI5
URADR,dBWMR5,28,DR,5,7.0,1,Cook2019_SI5
AS01,dBWMR6,29,DR,6,10.0,1,Cook2019_SI5
BDUR,dBWMR6,29,DR,6,1.0,1,Cook2019_SI5
DA01,dBWMR6,29,DR,6,8.0,1,Cook2019_SI5
DD01,dBWMR6,29,DR,6,3.0,-1,Cook2019_SI5
RMDDL,dBWMR6,29,DR,6,2.0,1,Cook2019_SI5
RMDDR,dBWMR6,29,DR,6,3.0,1,Cook2019_SI5
RMEV,dBWMR6,29,DR,6,5.0,1,Cook2019_SI5
SAADL,dBWMR6,29,DR,6,2.0,1,Cook2019_SI5
SABD,dBWMR6,29,DR,6,20.0,1,Cook2019_SI5
SIADL,dBWMR6,29,DR,6,3.0,1,Cook2019_SI5
SIBDL,dBWMR6,29,DR,6,1.0,1,Cook2019_SI5
SMBDL,dBWMR6,29,DR,6,10.0,1,Cook2019_SI5
SMDDL,dBWMR6,29,DR,6,2.0,1,Cook2019_SI5
AS01,dBWMR7,30,DR,7,10.0,1,Cook2019_SI5
AS02,dBWMR7,30,DR,7,3.0,1,Cook2019_SI5
DA01,dBWMR7,30,DR,7,9.0,1,Cook2019_SI5
DA02,dBWMR7,30,DR,7,3.0,1,Cook2019_SI5
DD01,dBWMR7,30,DR,7,2.0,-1,Cook2019_SI5
IL1DL,dBWMR7,30,DR,7,2.0,1,Cook2019_SI5
RIVR,dBWMR7,30,DR,7,1.0,1,Cook2019_SI5
RMDDR,dBWMR7,30,DR,7,3.0,1,Cook2019_SI5
RMEV,dBWMR7,30,DR,7,4.0,1,Cook2019_SI5
SIADL,dBWMR7,30,DR,7,8.0,1,Cook2019_SI5
SIBDL,dBWMR7,30,DR,7,3.0,1,Cook2019_SI5
SMBDL,dBWMR7,30,DR,7,9.0,1,Cook2019_SI5
SMBDR,dBWMR7,30,DR,7,9.0,1,Cook2019_SI5
SMDDL,dBWMR7,30,DR,7,6.0,1,Cook2019_SI5
AS02,dBWMR8,31,DR,8,4.0,1,Cook2019_SI5
DA02,dBWMR8,31,DR,8,6.0,1,Cook2019_SI5
DB01,dBWMR8,31,DR,8,6.0,1,Cook2019_SI5
DD01,dBWMR8,31,DR,8,10.0,-1,Cook2019_SI5
SIADL,dBWMR8,31,DR,8,12.0,1,Cook2019_SI5
SIBDL,dBWMR8,31,DR,8,4.0,1,Cook2019_SI5
SMBDL,dBWMR8,31,DR,8,12.0,1,Cook2019_SI5
SMDDL,dBWMR8,31,DR,8,8.0,1,Cook2019_SI5
AS02,dBWMR9,32,DR,9,2.0,1,Cook2019_SI5
AS03,dBWMR9,32,DR,9,8.0,1,Cook2019_SI5
DA02,dBWMR9,32,DR,9,7.0,1,Cook2019_SI5
DA03,dBWMR9,32,DR,9,3.0,1,Cook2019_SI5
DB01,dBWMR9,32,DR,9,2.0,1,Cook2019_SI5
DB02,dBWMR9,32,DR,9,1.0,1,Cook2019_SI5
DD01,dBWMR9,32,DR,9,8.0,-1,Cook2019_SI5
SIADL,dBWMR9,32,DR,9,8.0,1,Cook2019_SI5
SIBDL,dBWMR9,32,DR,9,3.0,1,Cook2019_SI5
SMBDL,dBWMR9,32,DR,9,9.0,1,Cook2019_SI5
SMDDL,dBWMR9,32,DR,9,6.0,1,Cook2019_SI5
AS03,dBWMR10,33,DR,10,5.0,1,Cook2019_SI5
DA03,dBWMR10,33,DR,10,14.0,1,Cook2019_SI5
DA06,dBWMR10,33,DR,10,1.0,1,Cook2019_SI5
DB02,dBWMR10,33,DR,10,6.0,1,Cook2019_SI5
DD01,dBWMR10,33,DR,10,2.0,-1,Cook2019_SI5
DD02,dBWMR10,33,DR,10,2.0,-1,Cook2019_SI5
RID,dBWMR10,33,DR,10,1.0,1,Cook2019_SI5
SIADL,dBWMR10,33,DR,10,8.0,1,Cook2019_SI5
SIBDL,dBWMR10,33,DR,10,3.0,1,Cook2019_SI5
SMBDL,dBWMR10,33,DR,10,9.0,1,Cook2019_SI5
SMDDL,dBWMR10,33,DR,10,6.0,1,Cook2019_SI5
AS04,dBWMR11,34,DR,11,4.0,1,Cook2019_SI5
DA03,dBWMR11,34,DR,11,4.0,1,Cook2019_SI5
DA04,dBWMR11,34,DR,11,5.0,1,Cook2019_SI5
DA06,dBWMR11,34,DR,11,1.0,1,Cook2019_SI5
DB02,dBWMR11,34,DR,11,8.0,1,Cook2019_SI5
DB03,dBWMR11,34,DR,11,2.0,1,Cook2019_SI5
DD02,dBWMR11,34,DR,11,10.0,-1,Cook2019_SI5
DD03,dBWMR11,34,DR,11,1.0,-1,Cook2019_SI5
SIADL,dBWMR11,34,DR,11,8.0,1,Cook2019_SI5
SIBDL,dBWMR11,34,DR,11,3.0,1,Cook2019_SI5
SMBDL,dBWMR11,34,DR,11,9.0,1,Cook2019_SI5
SMDDL,dBWMR11,34,DR,11,6.0,1,Cook2019_SI5
AS04,dBWMR12,35,DR,12,5.0,1,Cook2019_SI5
AS05,dBWMR12,35,DR,12,2.0,1,Cook2019_SI5
DA03,dBWMR12,35,DR,12,2.0,1,Cook2019_SI5
DA04,dBWMR12,35,DR,12,4.0,1,Cook2019_SI5
DA05,dBWMR12,35,DR,12,2.0,1,Cook2019_SI5
DA06,dBWMR12,35,DR,12,1.0,1,Cook2019_SI5
DB03,dBWMR12,35,DR,12,13.0,1,Cook2019_SI5
DD02,dBWMR12,35,DR,12,1.0,-1,Cook2019_SI5
DD03,dBWMR12,35,DR,12,8.0,-1,Cook2019_SI5
SIADL,dBWMR12,35,DR,12,8.0,1,Cook2019_SI5
SIBDL,dBWMR12,35,DR,12,3.0,1,Cook2019_SI5
SMBDL,dBWMR12,35,DR,12,9.0,1,Cook2019_SI5
SMDDL,dBWMR12,35,DR,12,6.0,1,Cook2019_SI5
AS06,dBWMR13,36,DR,13,5.0,1,Cook2019_SI5
DA04,dBWMR13,36,DR,13,9.0,1,Cook2019_SI5
DA05,dBWMR13,36,DR,13,7.0,1,Cook2019_SI5
DA06,dBWMR13,36,DR,13,5.0,1,Cook2019_SI5
DB03,dBWMR13,36,DR,13,1.0,1,Cook2019_SI5
DB04,dBWMR13,36,DR,13,3.0,1,Cook2019_SI5
DD03,dBWMR13,36,DR,13,8.0,-1,Cook2019_SI5
DD04,dBWMR13,36,DR,13,1.0,-1,Cook2019_SI5
SIADL,dBWMR13,36,DR,13,8.0,1,Cook2019_SI5
SIBDL,dBWMR13,36,DR,13,3.0,1,Cook2019_SI5
SMBDL,dBWMR13,36,DR,13,9.0,1,Cook2019_SI5
SMDDL,dBWMR13,36,DR,13,6.0,1,Cook2019_SI5
AS06,dBWMR14,37,DR,14,9.0,1,Cook2019_SI5
DA05,dBWMR14,37,DR,14,8.0,1,Cook2019_SI5
DA06,dBWMR14,37,DR,14,4.0,1,Cook2019_SI5
DA07,dBWMR14,37,DR,14,3.0,1,Cook2019_SI5
DB04,dBWMR14,37,DR,14,5.0,1,Cook2019_SI5
DB05,dBWMR14,37,DR,14,2.0,1,Cook2019_SI5
DD03,dBWMR14,37,DR,14,3.0,-1,Cook2019_SI5
DD04,dBWMR14,37,DR,14,2.0,-1,Cook2019_SI5
SIADL,dBWMR14,37,DR,14,8.0,1,Cook2019_SI5
SIBDL,dBWMR14,37,DR,14,3.0,1,Cook2019_SI5
SMBDL,dBWMR14,37,DR,14,9.0,1,Cook2019_SI5
SMDDL,dBWMR14,37,DR,14,6.0,1,Cook2019_SI5
AS07,dBWMR15,38,DR,15,2.0,1,Cook2019_SI5
DA06,dBWMR15,38,DR,15,4.0,1,Cook2019_SI5
DA07,dBWMR15,38,DR,15,3.0,1,Cook2019_SI5
DB04,dBWMR15,38,DR,15,3.0,1,Cook2019_SI5
DB05,dBWMR15,38,DR,15,2.0,1,Cook2019_SI5
DD03,dBWMR15,38,DR,15,5.0,-1,Cook2019_SI5
DD04,dBWMR15,38,DR,15,2.0,-1,Cook2019_SI5
SIADL,dBWMR15,38,DR,15,8.0,1,Cook2019_SI5
SIBDL,dBWMR15,38,DR,15,3.0,1,Cook2019_SI5
SMBDL,dBWMR15,38,DR,15,9.0,1,Cook2019_SI5
SMDDL,dBWMR15,38,DR,15,6.0,1,Cook2019_SI5
AS07,dBWMR16,39,DR,16,3.0,1,Cook2019_SI5
DA06,dBWMR16,39,DR,16,4.0,1,Cook2019_SI5
DA07,dBWMR16,39,DR,16,3.0,1,Cook2019_SI5
DA08,dBWMR16,39,DR,16,3.0,1,Cook2019_SI5
DB04,dBWMR16,39,DR,16,3.0,1,Cook2019_SI5
DB05,dBWMR16,39,DR,16,2.0,1,Cook2019_SI5
DB06,dBWMR16,39,DR,16,2.0,1,Cook2019_SI5
DD04,dBWMR16,39,DR,16,5.0,-1,Cook2019_SI5
SIADL,dBWMR16,39,DR,16,3.0,1,Cook2019_SI5
SIBDL,dBWMR16,39,DR,16,1.0,1,Cook2019_SI5
SMBDL,dBWMR16,39,DR,16,3.0,1,Cook2019_SI5
SMDDL,dBWMR16,39,DR,16,2.0,1,Cook2019_SI5
AS08,dBWMR17,40,DR,17,2.0,1,Cook2019_SI5
DA07,dBWMR17,40,DR,17,3.0,1,Cook2019_SI5
DA08,dBWMR17,40,DR,17,3.0,1,Cook2019_SI5
DB05,dBWMR17,40,DR,17,2.0,1,Cook2019_SI5
DB06,dBWMR17,40,DR,17,2.0,1,Cook2019_SI5
DD04,dBWMR17,40,DR,17,9.0,-1,Cook2019_SI5
AS08,dBWMR18,41,DR,18,3.0,1,Cook2019_SI5
DA07,dBWMR18,41,DR,18,4.0,1,Cook2019_SI5
DA08,dBWMR18,41,DR,18,3.0,1,Cook2019_SI5
DB05,dBWMR18,41,DR,18,2.0,1,Cook2019_SI5
DB06,dBWMR18,41,DR,18,2.0,1,Cook2019_SI5
DD04,dBWMR18,41,DR,18,5.0,-1,Cook2019_SI5
AS09,dBWMR19,42,DR,19,2.0,1,Cook2019_SI5
DA07,dBWMR19,42,DR,19,3.0,1,Cook2019_SI5
DA08,dBWMR19,42,DR,19,3.0,1,Cook2019_SI5
DA09,dBWMR19,42,DR,19,3.0,1,Cook2019_SI5
DB05,dBWMR19,42,DR,19,2.0,1,Cook2019_SI5
DB06,dBWMR19,42,DR,19,2.0,1,Cook2019_SI5
DB07,dBWMR19,42,DR,19,2.0,1,Cook2019_SI5
DD05,dBWMR19,42,DR,19,5.0,-1,Cook2019_SI5
AS09,dBWMR20,43,DR,20,3.0,1,Cook2019_SI5
DA08,dBWMR20,43,DR,20,4.0,1,Cook2019_SI5
DA09,dBWMR20,43,DR,20,3.0,1,Cook2019_SI5
DB06,dBWMR20,43,DR,20,2.0,1,Cook2019_SI5
DB07,dBWMR20,43,DR,20,2.0,1,Cook2019_SI5
DD05,dBWMR20,43,DR,20,9.0,-1,Cook2019_SI5
AS10,dBWMR21,44,DR,21,3.0,1,Cook2019_SI5
DA08,dBWMR21,44,DR,21,3.0,1,Cook2019_SI5
DA09,dBWMR21,44,DR,21,3.0,1,Cook2019_SI5
DB06,dBWMR21,44,DR,21,2.0,1,Cook2019_SI5
DB07,dBWMR21,44,DR,21,2.0,1,Cook2019_SI5
DD05,dBWMR21,44,DR,21,5.0,-1,Cook2019_SI5
PDA,dBWMR21,44,DR,21,4.0,1,Cook2019_SI5
AS10,dBWMR22,45,DR,22,2.0,1,Cook2019_SI5
AS11,dBWMR22,45,DR,22,2.0,1,Cook2019_SI5
DA09,dBWMR22,45,DR,22,3.0,1,Cook2019_SI5
DB07,dBWMR22,45,DR,22,1.0,1,Cook2019_SI5
DD06,dBWMR22,45,DR,22,3.0,-1,Cook2019_SI5
PDA,dBWMR22,45,DR,22,4.0,1,Cook2019_SI5
VD13,dBWMR22,45,DR,22,3.0,-1,Cook2019_SI5
AS11,dBWMR23,46,DR,23,2.0,1,Cook2019_SI5
DA09,dBWMR23,46,DR,23,3.0,1,Cook2019_SI5
DB07,dBWMR23,46,DR,23,2.0,1,Cook2019_SI5
DD06,dBWMR23,46,DR,23,9.0,-1,Cook2019_SI5
PDA,dBWMR23,46,DR,23,5.0,1,Cook2019_SI5
PDB,dBWMR23,46,DR,23,3.0,1,Cook2019_SI5
DA09,dBWMR24,47,DR,24,4.0,1,Cook2019_SI5
DB07,dBWMR24,47,DR,24,2.0,1,Cook2019_SI5
DD06,dBWMR24,47,DR,24,5.0,-1,Cook2019_SI5
PDA,dBWMR24,47,DR,24,6.0,1,Cook2019_SI5
PDB,dBWMR24,47,DR,24,2.0,1,Cook2019_SI5
ADEL,vBWML1,48,VL,1,4.0,1,Cook2019_SI5
IL1L,vBWML1,48,VL,1,20.0,1,Cook2019_SI5
IL1VL,vBWML1,48,VL,1,15.0,1,Cook2019_SI5
RMDDL,vBWML1,48,VL,1,1.0,1,Cook2019_SI5
RMDDR,vBWML1,48,VL,1,2.0,1,Cook2019_SI5
RMDL,vBWML1,48,VL,1,4.0,1,Cook2019_SI5
RMDVR,vBWML1,48,VL,1,21.0,1,Cook2019_SI5
RMER,vBWML1,48,VL,1,14.0,1,Cook2019_SI5
RMHR,vBWML1,48,VL,1,3.0,1,Cook2019_SI5
SABVL,vBWML1,48,VL,1,15.0,1,Cook2019_SI5
SMBVL,vBWML1,48,VL,1,3.0,1,Cook2019_SI5
URAVL,vBWML1,48,VL,1,20.0,1,Cook2019_SI5
IL1L,vBWML2,49,VL,2,6.0,1,Cook2019_SI5
IL1VL,vBWML2,49,VL,2,18.0,1,Cook2019_SI5
RMDVR,vBWML2,49,VL,2,15.0,1,Cook2019_SI5
RMED,vBWML2,49,VL,2,15.0,1,Cook2019_SI5
SIBVL,vBWML2,49,VL,2,1.0,1,Cook2019_SI5
SMBVL,vBWML2,49,VL,2,8.0,1,Cook2019_SI5
SMDDL,vBWML2,49,VL,2,7.0,1,Cook2019_SI5
SMDDR,vBWML2,49,VL,2,3.0,1,Cook2019_SI5
SMDVR,vBWML2,49,VL,2,9.0,1,Cook2019_SI5
URAVL,vBWML2,49,VL,2,17.0,1,Cook2019_SI5
RIVR,vBWML3,50,VL,3,2.0,1,Cook2019_SI5
RMDVR,vBWML3,50,VL,3,8.0,1,Cook2019_SI5
RMED,vBWML3,50,VL,3,10.0,1,Cook2019_SI5
SAAVR,vBWML3,50,VL,3,7.0,1,Cook2019_SI5
SABVL,vBWML3,50,VL,3,67.0,1,Cook2019_SI5
SMBVL,vBWML3,50,VL,3,5.0,1,Cook2019_SI5
SMDDL,vBWML3,50,VL,3,7.0,1,Cook2019_SI5
SMDVR,vBWML3,50,VL,3,9.0,1,Cook2019_SI5
URAVL,vBWML3,50,VL,3,5.0,1,Cook2019_SI5
IL1L,vBWML4,51,VL,4,4.0,1,Cook2019_SI5
RIMR,vBWML4,51,VL,4,5.0,1,Cook2019_SI5
RIVR,vBWML4,51,VL,4,1.0,1,Cook2019_SI5
RMDR,vBWML4,51,VL,4,2.0,1,Cook2019_SI5
RMDVR,vBWML4,51,VL,4,19.0,1,Cook2019_SI5
RMER,vBWML4,51,VL,4,7.0,1,Cook2019_SI5
SAAVR,vBWML4,51,VL,4,3.0,1,Cook2019_SI5
SABVL,vBWML4,51,VL,4,63.0,1,Cook2019_SI5
SMBVL,vBWML4,51,VL,4,6.0,1,Cook2019_SI5
SMDVR,vBWML4,51,VL,4,5.0,1,Cook2019_SI5
CEPVL,vBWML5,52,VL,5,1.0,1,Cook2019_SI5
RMDR,vBWML5,52,VL,5,2.0,1,Cook2019_SI5
RMDVR,vBWML5,52,VL,5,8.0,1,Cook2019_SI5
RMGL,vBWML5,52,VL,5,2.0,1,Cook2019_SI5
SIAVL,vBWML5,52,VL,5,4.0,1,Cook2019_SI5
SIBVR,vBWML5,52,VL,5,10.0,1,Cook2019_SI5
SMBVL,vBWML5,52,VL,5,5.0,1,Cook2019_SI5
SMDVR,vBWML5,52,VL,5,19.0,1,Cook2019_SI5
RIAR,vBWML6,53,VL,6,2.0,1,Cook2019_SI5
RMDVR,vBWML6,53,VL,6,5.0,1,Cook2019_SI5
SAAVR,vBWML6,53,VL,6,2.0,1,Cook2019_SI5
SABVL,vBWML6,53,VL,6,20.0,1,Cook2019_SI5
SIAVL,vBWML6,53,VL,6,1.0,1,Cook2019_SI5
SIBVR,vBWML6,53,VL,6,3.0,1,Cook2019_SI5
SMBVL,vBWML6,53,VL,6,17.0,1,Cook2019_SI5
SMDVR,vBWML6,53,VL,6,14.0,1,Cook2019_SI5
AIZL,vBWML7,54,VL,7,1.0,1,Cook2019_SI5
CEPVL,vBWML7,54,VL,7,2.0,1,Cook2019_SI5
RIVR,vBWML7,54,VL,7,9.0,1,Cook2019_SI5
RMDVR,vBWML7,54,VL,7,2.0,1,Cook2019_SI5
SIAVL,vBWML7,54,VL,7,4.0,1,Cook2019_SI5
SIBVR,vBWML7,54,VL,7,10.0,1,Cook2019_SI5
SMBVL,vBWML7,54,VL,7,9.0,1,Cook2019_SI5
SMDVR,vBWML7,54,VL,7,15.0,1,Cook2019_SI5
VA01,vBWML7,54,VL,7,13.0,1,Cook2019_SI5
VA02,vBWML7,54,VL,7,1.0,1,Cook2019_SI5
VB01,vBWML7,54,VL,7,2.0,1,Cook2019_SI5
VC01,vBWML7,54,VL,7,1.0,1,Cook2019_SI5
VD01,vBWML7,54,VL,7,11.0,-1,Cook2019_SI5
VD02,vBWML7,54,VL,7,2.0,-1,Cook2019_SI5
SIAVL,vBWML8,55,VL,8,5.0,1,Cook2019_SI5
SIBVR,vBWML8,55,VL,8,13.0,1,Cook2019_SI5
SMBVL,vBWML8,55,VL,8,2.0,1,Cook2019_SI5
SMDVR,vBWML8,55,VL,8,19.0,1,Cook2019_SI5
VA01,vBWML8,55,VL,8,1.0,1,Cook2019_SI5
VA02,vBWML8,55,VL,8,10.0,1,Cook2019_SI5
VA03,vBWML8,55,VL,8,1.0,1,Cook2019_SI5
VB02,vBWML8,55,VL,8,2.0,1,Cook2019_SI5
VC02,vBWML8,55,VL,8,2.0,1,Cook2019_SI5
VD01,vBWML8,55,VL,8,3.0,-1,Cook2019_SI5
VD02,vBWML8,55,VL,8,8.0,-1,Cook2019_SI5
AVKR,vBWML9,56,VL,9,2.0,1,Cook2019_SI5
SAAVL,vBWML9,56,VL,9,1.0,1,Cook2019_SI5
SIAVL,vBWML9,56,VL,9,4.0,1,Cook2019_SI5
SIBVR,vBWML9,56,VL,9,10.0,1,Cook2019_SI5
SMBVL,vBWML9,56,VL,9,2.0,1,Cook2019_SI5
SMDVR,vBWML9,56,VL,9,15.0,1,Cook2019_SI5
VA02,vBWML9,56,VL,9,3.0,1,Cook2019_SI5
VA03,vBWML9,56,VL,9,4.0,1,Cook2019_SI5
VB02,vBWML9,56,VL,9,14.0,1,Cook2019_SI5
VC01,vBWML9,56,VL,9,1.0,1,Cook2019_SI5
VC02,vBWML9,56,VL,9,4.0,1,Cook2019_SI5
VD02,vBWML9,56,VL,9,12.0,-1,Cook2019_SI5
AVFL,vBWML10,57,VL,10,1.0,1,Cook2019_SI5
AVG,vBWML10,57,VL,10,1.0,1,Cook2019_SI5
AVL,vBWML10,57,VL,10,5.0,1,Cook2019_SI5
PVPL,vBWML10,57,VL,10,2.0,1,Cook2019_SI5
SIAVL,vBWML10,57,VL,10,4.0,1,Cook2019_SI5
SIBVR,vBWML10,57,VL,10,10.0,1,Cook2019_SI5
SMBVL,vBWML10,57,VL,10,2.0,1,Cook2019_SI5
SMDVR,vBWML10,57,VL,10,15.0,1,Cook2019_SI5
VA03,vBWML10,57,VL,10,11.0,1,Cook2019_SI5
VB02,vBWML10,57,VL,10,4.0,1,Cook2019_SI5
VB03,vBWML10,57,VL,10,1.0,1,Cook2019_SI5
VD03,vBWML10,57,VL,10,6.0,-1,Cook2019_SI5
AVFL,vBWML11,58,VL,11,1.0,1,Cook2019_SI5
AVFR,vBWML11,58,VL,11,1.0,1,Cook2019_SI5
AVG,vBWML11,58,VL,11,2.0,1,Cook2019_SI5
AVKL,vBWML11,58,VL,11,3.0,1,Cook2019_SI5
AVKR,vBWML11,58,VL,11,1.0,1,Cook2019_SI5
AVL,vBWML11,58,VL,11,4.0,1,Cook2019_SI5
HSNL,vBWML11,58,VL,11,1.0,1,Cook2019_SI5
PVNL,vBWML11,58,VL,11,5.0,1,Cook2019_SI5
SIAVL,vBWML11,58,VL,11,4.0,1,Cook2019_SI5
SIBVR,vBWML11,58,VL,11,10.0,1,Cook2019_SI5
SMBVL,vBWML11,58,VL,11,2.0,1,Cook2019_SI5
SMDVR,vBWML11,58,VL,11,15.0,1,Cook2019_SI5
VA03,vBWML11,58,VL,11,3.0,1,Cook2019_SI5
VB02,vBWML11,58,VL,11,1.0,1,Cook2019_SI5
VB03,vBWML11,58,VL,11,8.0,1,Cook2019_SI5
VC01,vBWML11,58,VL,11,1.0,1,Cook2019_SI5
VC02,vBWML11,58,VL,11,1.0,1,Cook2019_SI5
VC03,vBWML11,58,VL,11,1.0,1,Cook2019_SI5
VD03,vBWML11,58,VL,11,8.0,-1,Cook2019_SI5
AVFR,vBWML12,59,VL,12,1.0,1,Cook2019_SI5
AVL,vBWML12,59,VL,12,1.0,1,Cook2019_SI5
SIAVL,vBWML12,59,VL,12,4.0,1,Cook2019_SI5
SIBVR,vBWML12,59,VL,12,10.0,1,Cook2019_SI5
SMBVL,vBWML12,59,VL,12,2.0,1,Cook2019_SI5
SMDVR,vBWML12,59,VL,12,15.0,1,Cook2019_SI5
VA04,vBWML12,59,VL,12,5.0,1,Cook2019_SI5
VA05,vBWML12,59,VL,12,3.0,1,Cook2019_SI5
VB03,vBWML12,59,VL,12,8.0,1,Cook2019_SI5
VB04,vBWML12,59,VL,12,3.0,1,Cook2019_SI5
VB05,vBWML12,59,VL,12,3.0,1,Cook2019_SI5
VC03,vBWML12,59,VL,12,1.0,1,Cook2019_SI5
VD04,vBWML12,59,VL,12,5.0,-1,Cook2019_SI5
VD05,vBWML12,59,VL,12,4.0,-1,Cook2019_SI5
AVFL,vBWML13,60,VL,13,1.0,1,Cook2019_SI5
DD03,vBWML13,60,VL,13,1.0,-1,Cook2019_SI5
SIAVL,vBWML13,60,VL,13,4.0,1,Cook2019_SI5
SIBVR,vBWML13,60,VL,13,10.0,1,Cook2019_SI5
SMBVL,vBWML13,60,VL,13,2.0,1,Cook2019_SI5
SMDVR,vBWML13,60,VL,13,15.0,1,Cook2019_SI5
VA04,vBWML13,60,VL,13,3.0,1,Cook2019_SI5
VA05,vBWML13,60,VL,13,6.0,1,Cook2019_SI5
VA06,vBWML13,60,VL,13,2.0,1,Cook2019_SI5
VB03,vBWML13,60,VL,13,3.0,1,Cook2019_SI5
VB04,vBWML13,60,VL,13,5.0,1,Cook2019_SI5
VB05,vBWML13,60,VL,13,1.0,1,Cook2019_SI5
VC02,vBWML13,60,VL,13,1.0,1,Cook2019_SI5
VC03,vBWML13,60,VL,13,1.0,1,Cook2019_SI5
VD04,vBWML13,60,VL,13,6.0,-1,Cook2019_SI5
VD05,vBWML13,60,VL,13,7.0,-1,Cook2019_SI5
VD06,vBWML13,60,VL,13,1.0,-1,Cook2019_SI5
SIAVL,vBWML14,61,VL,14,4.0,1,Cook2019_SI5
SIBVR,vBWML14,61,VL,14,10.0,1,Cook2019_SI5
SMBVL,vBWML14,61,VL,14,2.0,1,Cook2019_SI5
SMDVR,vBWML14,61,VL,14,15.0,1,Cook2019_SI5
VA06,vBWML14,61,VL,14,10.0,1,Cook2019_SI5
VA07,vBWML14,61,VL,14,2.0,1,Cook2019_SI5
VB05,vBWML14,61,VL,14,8.0,1,Cook2019_SI5
VC02,vBWML14,61,VL,14,3.0,1,Cook2019_SI5
VC03,vBWML14,61,VL,14,1.0,1,Cook2019_SI5
VD05,vBWML14,61,VL,14,1.0,-1,Cook2019_SI5
VD06,vBWML14,61,VL,14,10.0,-1,Cook2019_SI5
VD07,vBWML14,61,VL,14,1.0,-1,Cook2019_SI5
AVL,vBWML15,62,VL,15,1.0,1,Cook2019_SI5
HSNL,vBWML15,62,VL,15,3.0,1,Cook2019_SI5
SIAVL,vBWML15,62,VL,15,4.0,1,Cook2019_SI5
SIBVR,vBWML15,62,VL,15,10.0,1,Cook2019_SI5
SMBVL,vBWML15,62,VL,15,2.0,1,Cook2019_SI5
SMDVR,vBWML15,62,VL,15,15.0,1,Cook2019_SI5
VA06,vBWML15,62,VL,15,1.0,1,Cook2019_SI5
VA07,vBWML15,62,VL,15,8.0,1,Cook2019_SI5
VB05,vBWML15,62,VL,15,7.0,1,Cook2019_SI5
VB06,vBWML15,62,VL,15,4.0,1,Cook2019_SI5
VC03,vBWML15,62,VL,15,3.0,1,Cook2019_SI5
VC05,vBWML15,62,VL,15,4.0,1,Cook2019_SI5
VD06,vBWML15,62,VL,15,3.0,-1,Cook2019_SI5
VD07,vBWML15,62,VL,15,8.0,-1,Cook2019_SI5
VD08,vBWML15,62,VL,15,4.0,-1,Cook2019_SI5
AVBR,vBWML16,63,VL,16,1.0,1,Cook2019_SI5
AVG,vBWML16,63,VL,16,2.0,1,Cook2019_SI5
HSNL,vBWML16,63,VL,16,1.0,1,Cook2019_SI5
SIAVL,vBWML16,63,VL,16,1.0,1,Cook2019_SI5
SIBVR,vBWML16,63,VL,16,4.0,1,Cook2019_SI5
SMBVL,vBWML16,63,VL,16,1.0,1,Cook2019_SI5
SMDVR,vBWML16,63,VL,16,7.0,1,Cook2019_SI5
VA07,vBWML16,63,VL,16,6.0,1,Cook2019_SI5
VA08,vBWML16,63,VL,16,3.0,1,Cook2019_SI5
VB06,vBWML16,63,VL,16,3.0,1,Cook2019_SI5
VB07,vBWML16,63,VL,16,4.0,1,Cook2019_SI5
VC03,vBWML16,63,VL,16,2.0,1,Cook2019_SI5
VC04,vBWML16,63,VL,16,1.0,1,Cook2019_SI5
VC05,vBWML16,63,VL,16,1.0,1,Cook2019_SI5
VD06,vBWML16,63,VL,16,1.0,-1,Cook2019_SI5
VD07,vBWML16,63,VL,16,7.0,-1,Cook2019_SI5
VD08,vBWML16,63,VL,16,4.0,-1,Cook2019_SI5
VA08,vBWML17,64,VL,17,4.0,1,Cook2019_SI5
VA09,vBWML17,64,VL,17,3.0,1,Cook2019_SI5
VB06,vBWML17,64,VL,17,1.0,1,Cook2019_SI5
VB07,vBWML17,64,VL,17,4.0,1,Cook2019_SI5
VC06,vBWML17,64,VL,17,2.0,1,Cook2019_SI5
VD08,vBWML17,64,VL,17,4.0,-1,Cook2019_SI5
VD09,vBWML17,64,VL,17,4.0,-1,Cook2019_SI5
VA08,vBWML18,65,VL,18,4.0,1,Cook2019_SI5
VA09,vBWML18,65,VL,18,4.0,1,Cook2019_SI5
VA10,vBWML18,65,VL,18,3.0,1,Cook2019_SI5
VB07,vBWML18,65,VL,18,4.0,1,Cook2019_SI5
VB08,vBWML18,65,VL,18,4.0,1,Cook2019_SI5
VD09,vBWML18,65,VL,18,4.0,-1,Cook2019_SI5
VD10,vBWML18,65,VL,18,4.0,-1,Cook2019_SI5
VA09,vBWML19,66,VL,19,4.0,1,Cook2019_SI5
VA10,vBWML19,66,VL,19,4.0,1,Cook2019_SI5
VA11,vBWML19,66,VL,19,2.0,1,Cook2019_SI5
VB08,vBWML19,66,VL,19,4.0,1,Cook2019_SI5
VB09,vBWML19,66,VL,19,4.0,1,Cook2019_SI5
VB10,vBWML19,66,VL,19,1.0,1,Cook2019_SI5
VD09,vBWML19,66,VL,19,4.0,-1,Cook2019_SI5
VD10,vBWML19,66,VL,19,4.0,-1,Cook2019_SI5
VD11,vBWML19,66,VL,19,4.0,-1,Cook2019_SI5
VD13,vBWML19,66,VL,19,1.0,-1,Cook2019_SI5
PVNL,vBWML20,67,VL,20,1.0,1,Cook2019_SI5
VA10,vBWML20,67,VL,20,4.0,1,Cook2019_SI5
VA11,vBWML20,67,VL,20,7.0,1,Cook2019_SI5
VB08,vBWML20,67,VL,20,4.0,1,Cook2019_SI5
VB09,vBWML20,67,VL,20,4.0,1,Cook2019_SI5
VB10,vBWML20,67,VL,20,18.0,1,Cook2019_SI5
VD10,vBWML20,67,VL,20,4.0,-1,Cook2019_SI5
VD11,vBWML20,67,VL,20,5.0,-1,Cook2019_SI5
VD12,vBWML20,67,VL,20,4.0,-1,Cook2019_SI5
PVNR,vBWML21,68,VL,21,3.0,1,Cook2019_SI5
VA11,vBWML21,68,VL,21,4.0,1,Cook2019_SI5
VA12,vBWML21,68,VL,21,8.0,1,Cook2019_SI5
VB09,vBWML21,68,VL,21,4.0,1,Cook2019_SI5
VB10,vBWML21,68,VL,21,4.0,1,Cook2019_SI5
VB11,vBWML21,68,VL,21,7.0,1,Cook2019_SI5
VD11,vBWML21,68,VL,21,4.0,-1,Cook2019_SI5
VD12,vBWML21,68,VL,21,15.0,-1,Cook2019_SI5
VD13,vBWML21,68,VL,21,5.0,-1,Cook2019_SI5
DVA,vBWML22,69,VL,22,2.0,1,Cook2019_SI5
VA12,vBWML22,69,VL,22,4.0,1,Cook2019_SI5
VB10,vBWML22,69,VL,22,1.0,1,Cook2019_SI5
VB11,vBWML22,69,VL,22,4.0,1,Cook2019_SI5
VD12,vBWML22,69,VL,22,4.0,-1,Cook2019_SI5
VD13,vBWML22,69,VL,22,4.0,-1,Cook2019_SI5
VA12,vBWML23,70,VL,23,4.0,1,Cook2019_SI5
VB11,vBWML23,70,VL,23,4.0,1,Cook2019_SI5
VD13,vBWML23,70,VL,23,4.0,-1,Cook2019_SI5
SABVR,vBWMR1,72,VR,1,15.0,1,Cook2019_SI5
SMBVR,vBWMR1,72,VR,1,7.0,1,Cook2019_SI5
IL1VR,vBWMR2,73,VR,2,16.0,1,Cook2019_SI5
RMDVL,vBWMR2,73,VR,2,20.0,1,Cook2019_SI5
RMED,vBWMR2,73,VR,2,25.0,1,Cook2019_SI5
SMBVR,vBWMR2,73,VR,2,3.0,1,Cook2019_SI5
SMDDR,vBWMR2,73,VR,2,6.0,1,Cook2019_SI5
SMDVL,vBWMR2,73,VR,2,7.0,1,Cook2019_SI5
URAVR,vBWMR2,73,VR,2,14.0,1,Cook2019_SI5
CEPVR,vBWMR3,74,VR,3,1.0,1,Cook2019_SI5
RMDVL,vBWMR3,74,VR,3,11.0,1,Cook2019_SI5
RMDVR,vBWMR3,74,VR,3,2.0,1,Cook2019_SI5
RMED,vBWMR3,74,VR,3,26.0,1,Cook2019_SI5
SAAVL,vBWMR3,74,VR,3,7.0,1,Cook2019_SI5
SABVR,vBWMR3,74,VR,3,67.0,1,Cook2019_SI5
SMBVR,vBWMR3,74,VR,3,10.0,1,Cook2019_SI5
SMDVL,vBWMR3,74,VR,3,8.0,1,Cook2019_SI5
URAVR,vBWMR3,74,VR,3,7.0,1,Cook2019_SI5
IL1R,vBWMR4,75,VR,4,19.0,1,Cook2019_SI5
IL1VR,vBWMR4,75,VR,4,24.0,1,Cook2019_SI5
RIML,vBWMR4,75,VR,4,2.0,1,Cook2019_SI5
RMDL,vBWMR4,75,VR,4,8.0,1,Cook2019_SI5
RMDVL,vBWMR4,75,VR,4,31.0,1,Cook2019_SI5
RMEL,vBWMR4,75,VR,4,9.0,1,Cook2019_SI5
SAAVL,vBWMR4,75,VR,4,3.0,1,Cook2019_SI5
SABVR,vBWMR4,75,VR,4,63.0,1,Cook2019_SI5
SMBVR,vBWMR4,75,VR,4,12.0,1,Cook2019_SI5
URAVR,vBWMR4,75,VR,4,18.0,1,Cook2019_SI5
CEPVR,vBWMR5,76,VR,5,2.0,1,Cook2019_SI5
RIVL,vBWMR5,76,VR,5,6.0,1,Cook2019_SI5
SIAVR,vBWMR5,76,VR,5,4.0,1,Cook2019_SI5
SIBVL,vBWMR5,76,VR,5,10.0,1,Cook2019_SI5
SMBVR,vBWMR5,76,VR,5,2.0,1,Cook2019_SI5
SMDVL,vBWMR5,76,VR,5,15.0,1,Cook2019_SI5
AVKL,vBWMR6,77,VR,6,2.0,1,Cook2019_SI5
RIVL,vBWMR6,77,VR,6,3.0,1,Cook2019_SI5
RIVR,vBWMR6,77,VR,6,8.0,1,Cook2019_SI5
RMDVL,vBWMR6,77,VR,6,18.0,1,Cook2019_SI5
RMDVR,vBWMR6,77,VR,6,2.0,1,Cook2019_SI5
RMED,vBWMR6,77,VR,6,2.0,1,Cook2019_SI5
SAAVL,vBWMR6,77,VR,6,2.0,1,Cook2019_SI5
SABVR,vBWMR6,77,VR,6,20.0,1,Cook2019_SI5
SIAVR,vBWMR6,77,VR,6,1.0,1,Cook2019_SI5
SIBVL,vBWMR6,77,VR,6,3.0,1,Cook2019_SI5
SMBVR,vBWMR6,77,VR,6,12.0,1,Cook2019_SI5
SMDDR,vBWMR6,77,VR,6,2.0,1,Cook2019_SI5
SMDVL,vBWMR6,77,VR,6,16.0,1,Cook2019_SI5
URAVR,vBWMR6,77,VR,6,1.0,1,Cook2019_SI5
RIVL,vBWMR7,78,VR,7,18.0,1,Cook2019_SI5
RIVR,vBWMR7,78,VR,7,14.0,1,Cook2019_SI5
RMDVL,vBWMR7,78,VR,7,3.0,1,Cook2019_SI5
RMDVR,vBWMR7,78,VR,7,2.0,1,Cook2019_SI5
SDQR,vBWMR7,78,VR,7,1.0,1,Cook2019_SI5
SIAVR,vBWMR7,78,VR,7,4.0,1,Cook2019_SI5
SIBVL,vBWMR7,78,VR,7,10.0,1,Cook2019_SI5
SMBVR,vBWMR7,78,VR,7,12.0,1,Cook2019_SI5
SMDVL,vBWMR7,78,VR,7,15.0,1,Cook2019_SI5
VA01,vBWMR7,78,VR,7,2.0,1,Cook2019_SI5
VA02,vBWMR7,78,VR,7,5.0,1,Cook2019_SI5
VB01,vBWMR7,78,VR,7,5.0,1,Cook2019_SI5
VD02,vBWMR7,78,VR,7,3.0,-1,Cook2019_SI5
AVL,vBWMR8,79,VR,8,4.0,1,Cook2019_SI5
CEPVR,vBWMR8,79,VR,8,2.0,1,Cook2019_SI5
RMDL,vBWMR8,79,VR,8,1.0,1,Cook2019_SI5
RMGR,vBWMR8,79,VR,8,2.0,1,Cook2019_SI5
SIAVR,vBWMR8,79,VR,8,5.0,1,Cook2019_SI5
SIBVL,vBWMR8,79,VR,8,13.0,1,Cook2019_SI5
SMBVR,vBWMR8,79,VR,8,5.0,1,Cook2019_SI5
SMDVL,vBWMR8,79,VR,8,20.0,1,Cook2019_SI5
VA01,vBWMR8,79,VR,8,2.0,1,Cook2019_SI5
VA02,vBWMR8,79,VR,8,7.0,1,Cook2019_SI5
VB02,vBWMR8,79,VR,8,6.0,1,Cook2019_SI5
VC02,vBWMR8,79,VR,8,1.0,1,Cook2019_SI5
VD02,vBWMR8,79,VR,8,12.0,-1,Cook2019_SI5
AVHR,vBWMR9,80,VR,9,1.0,1,Cook2019_SI5
AVKR,vBWMR9,80,VR,9,1.0,1,Cook2019_SI5
HSNR,vBWMR9,80,VR,9,1.0,1,Cook2019_SI5
SIAVR,vBWMR9,80,VR,9,4.0,1,Cook2019_SI5
SIBVL,vBWMR9,80,VR,9,10.0,1,Cook2019_SI5
SMBVR,vBWMR9,80,VR,9,2.0,1,Cook2019_SI5
SMDVL,vBWMR9,80,VR,9,15.0,1,Cook2019_SI5
VA02,vBWMR9,80,VR,9,5.0,1,Cook2019_SI5
VA03,vBWMR9,80,VR,9,3.0,1,Cook2019_SI5
VB01,vBWMR9,80,VR,9,1.0,1,Cook2019_SI5
VC02,vBWMR9,80,VR,9,2.0,1,Cook2019_SI5
VD02,vBWMR9,80,VR,9,5.0,-1,Cook2019_SI5
AVFR,vBWMR10,81,VR,10,1.0,1,Cook2019_SI5
HSNR,vBWMR10,81,VR,10,4.0,1,Cook2019_SI5
PVM,vBWMR10,81,VR,10,2.0,1,Cook2019_SI5
PVPR,vBWMR10,81,VR,10,1.0,1,Cook2019_SI5
PVQL,vBWMR10,81,VR,10,1.0,1,Cook2019_SI5
SIAVR,vBWMR10,81,VR,10,4.0,1,Cook2019_SI5
SIBVL,vBWMR10,81,VR,10,10.0,1,Cook2019_SI5
SMBVR,vBWMR10,81,VR,10,2.0,1,Cook2019_SI5
SMDVL,vBWMR10,81,VR,10,15.0,1,Cook2019_SI5
VA03,vBWMR10,81,VR,10,5.0,1,Cook2019_SI5
VB02,vBWMR10,81,VR,10,10.0,1,Cook2019_SI5
VB03,vBWMR10,81,VR,10,4.0,1,Cook2019_SI5
VD03,vBWMR10,81,VR,10,6.0,-1,Cook2019_SI5
AVKL,vBWMR11,82,VR,11,3.0,1,Cook2019_SI5
AVL,vBWMR11,82,VR,11,2.0,1,Cook2019_SI5
HSNL,vBWMR11,82,VR,11,1.0,1,Cook2019_SI5
PVNL,vBWMR11,82,VR,11,5.0,1,Cook2019_SI5
PVPR,vBWMR11,82,VR,11,1.0,1,Cook2019_SI5
PVR,vBWMR11,82,VR,11,1.0,1,Cook2019_SI5
SIAVR,vBWMR11,82,VR,11,4.0,1,Cook2019_SI5
SIBVL,vBWMR11,82,VR,11,10.0,1,Cook2019_SI5
SMBVR,vBWMR11,82,VR,11,2.0,1,Cook2019_SI5
SMDVL,vBWMR11,82,VR,11,15.0,1,Cook2019_SI5
VA03,vBWMR11,82,VR,11,7.0,1,Cook2019_SI5
VA04,vBWMR11,82,VR,11,8.0,1,Cook2019_SI5
VB02,vBWMR11,82,VR,11,6.0,1,Cook2019_SI5
VB03,vBWMR11,82,VR,11,6.0,1,Cook2019_SI5
VC02,vBWMR11,82,VR,11,1.0,1,Cook2019_SI5
VC03,vBWMR11,82,VR,11,2.0,1,Cook2019_SI5
VD03,vBWMR11,82,VR,11,12.0,-1,Cook2019_SI5
VD04,vBWMR11,82,VR,11,4.0,-1,Cook2019_SI5
SIAVR,vBWMR12,83,VR,12,4.0,1,Cook2019_SI5
SIBVL,vBWMR12,83,VR,12,10.0,1,Cook2019_SI5
SMBVR,vBWMR12,83,VR,12,2.0,1,Cook2019_SI5
SMDVL,vBWMR12,83,VR,12,15.0,1,Cook2019_SI5
VA04,vBWMR12,83,VR,12,5.0,1,Cook2019_SI5
VA05,vBWMR12,83,VR,12,6.0,1,Cook2019_SI5
VA06,vBWMR12,83,VR,12,2.0,1,Cook2019_SI5
VB03,vBWMR12,83,VR,12,8.0,1,Cook2019_SI5
VB04,vBWMR12,83,VR,12,3.0,1,Cook2019_SI5
VC01,vBWMR12,83,VR,12,3.0,1,Cook2019_SI5
VC02,vBWMR12,83,VR,12,1.0,1,Cook2019_SI5
VD04,vBWMR12,83,VR,12,4.0,-1,Cook2019_SI5
VD05,vBWMR12,83,VR,12,3.0,-1,Cook2019_SI5
AVFL,vBWMR13,84,VR,13,1.0,1,Cook2019_SI5
SIAVR,vBWMR13,84,VR,13,4.0,1,Cook2019_SI5
SIBVL,vBWMR13,84,VR,13,10.0,1,Cook2019_SI5
SMBVR,vBWMR13,84,VR,13,2.0,1,Cook2019_SI5
SMDVL,vBWMR13,84,VR,13,15.0,1,Cook2019_SI5
VA04,vBWMR13,84,VR,13,1.0,1,Cook2019_SI5
VA05,vBWMR13,84,VR,13,4.0,1,Cook2019_SI5
VA06,vBWMR13,84,VR,13,1.0,1,Cook2019_SI5
VB03,vBWMR13,84,VR,13,4.0,1,Cook2019_SI5
VB04,vBWMR13,84,VR,13,3.0,1,Cook2019_SI5
VB05,vBWMR13,84,VR,13,7.0,1,Cook2019_SI5
VC02,vBWMR13,84,VR,13,3.0,1,Cook2019_SI5
VC03,vBWMR13,84,VR,13,1.0,1,Cook2019_SI5
VD04,vBWMR13,84,VR,13,3.0,-1,Cook2019_SI5
VD05,vBWMR13,84,VR,13,10.0,-1,Cook2019_SI5
VD06,vBWMR13,84,VR,13,4.0,-1,Cook2019_SI5
AVFR,vBWMR14,85,VR,14,2.0,1,Cook2019_SI5
SIAVR,vBWMR14,85,VR,14,4.0,1,Cook2019_SI5
SIBVL,vBWMR14,85,VR,14,10.0,1,Cook2019_SI5
SMBVR,vBWMR14,85,VR,14,2.0,1,Cook2019_SI5
SMDVL,vBWMR14,85,VR,14,15.0,1,Cook2019_SI5
VA05,vBWMR14,85,VR,14,4.0,1,Cook2019_SI5
VA06,vBWMR14,85,VR,14,5.0,1,Cook2019_SI5
VA07,vBWMR14,85,VR,14,3.0,1,Cook2019_SI5
VA08,vBWMR14,85,VR,14,1.0,1,Cook2019_SI5
VB04,vBWMR14,85,VR,14,4.0,1,Cook2019_SI5
VB05,vBWMR14,85,VR,14,6.0,1,Cook2019_SI5
VB06,vBWMR14,85,VR,14,6.0,1,Cook2019_SI5
VD06,vBWMR14,85,VR,14,7.0,-1,Cook2019_SI5
VD07,vBWMR14,85,VR,14,6.0,-1,Cook2019_SI5
HSNR,vBWMR15,86,VR,15,1.0,1,Cook2019_SI5
SIAVR,vBWMR15,86,VR,15,4.0,1,Cook2019_SI5
SIBVL,vBWMR15,86,VR,15,10.0,1,Cook2019_SI5
SMBVR,vBWMR15,86,VR,15,2.0,1,Cook2019_SI5
SMDVL,vBWMR15,86,VR,15,15.0,1,Cook2019_SI5
VA06,vBWMR15,86,VR,15,1.0,1,Cook2019_SI5
VA07,vBWMR15,86,VR,15,10.0,1,Cook2019_SI5
VA08,vBWMR15,86,VR,15,1.0,1,Cook2019_SI5
VB05,vBWMR15,86,VR,15,1.0,1,Cook2019_SI5
VB06,vBWMR15,86,VR,15,12.0,1,Cook2019_SI5
VC03,vBWMR15,86,VR,15,2.0,1,Cook2019_SI5
VD06,vBWMR15,86,VR,15,1.0,-1,Cook2019_SI5
VD07,vBWMR15,86,VR,15,7.0,-1,Cook2019_SI5
AVBR,vBWMR16,87,VR,16,1.0,1,Cook2019_SI5
AVG,vBWMR16,87,VR,16,2.0,1,Cook2019_SI5
HSNR,vBWMR16,87,VR,16,2.0,1,Cook2019_SI5
SIAVR,vBWMR16,87,VR,16,1.0,1,Cook2019_SI5
SIBVL,vBWMR16,87,VR,16,4.0,1,Cook2019_SI5
SMBVR,vBWMR16,87,VR,16,1.0,1,Cook2019_SI5
SMDVL,vBWMR16,87,VR,16,7.0,1,Cook2019_SI5
VA07,vBWMR16,87,VR,16,2.0,1,Cook2019_SI5
VA08,vBWMR16,87,VR,16,3.0,1,Cook2019_SI5
VB05,vBWMR16,87,VR,16,1.0,1,Cook2019_SI5
VB06,vBWMR16,87,VR,16,4.0,1,Cook2019_SI5
VB07,vBWMR16,87,VR,16,4.0,1,Cook2019_SI5
VC04,vBWMR16,87,VR,16,3.0,1,Cook2019_SI5
VD07,vBWMR16,87,VR,16,1.0,-1,Cook2019_SI5
VD08,vBWMR16,87,VR,16,4.0,-1,Cook2019_SI5
VA08,vBWMR17,88,VR,17,4.0,1,Cook2019_SI5
VA09,vBWMR17,88,VR,17,3.0,1,Cook2019_SI5
VB06,vBWMR17,88,VR,17,1.0,1,Cook2019_SI5
VB07,vBWMR17,88,VR,17,4.0,1,Cook2019_SI5
VC06,vBWMR17,88,VR,17,2.0,1,Cook2019_SI5
VD08,vBWMR17,88,VR,17,4.0,-1,Cook2019_SI5
VA08,vBWMR18,89,VR,18,4.0,1,Cook2019_SI5
VA09,vBWMR18,89,VR,18,4.0,1,Cook2019_SI5
VA10,vBWMR18,89,VR,18,3.0,1,Cook2019_SI5
VB07,vBWMR18,89,VR,18,4.0,1,Cook2019_SI5
VB08,vBWMR18,89,VR,18,4.0,1,Cook2019_SI5
VD08,vBWMR18,89,VR,18,4.0,-1,Cook2019_SI5
VD09,vBWMR18,89,VR,18,4.0,-1,Cook2019_SI5
VA09,vBWMR19,90,VR,19,4.0,1,Cook2019_SI5
VA10,vBWMR19,90,VR,19,3.0,1,Cook2019_SI5
VB08,vBWMR19,90,VR,19,4.0,1,Cook2019_SI5
VB09,vBWMR19,90,VR,19,4.0,1,Cook2019_SI5
VD09,vBWMR19,90,VR,19,4.0,-1,Cook2019_SI5
VD10,vBWMR19,90,VR,19,4.0,-1,Cook2019_SI5
DVC,vBWMR20,91,VR,20,2.0,1,Cook2019_SI5
PVNL,vBWMR20,91,VR,20,1.0,1,Cook2019_SI5
PVNR,vBWMR20,91,VR,20,1.0,1,Cook2019_SI5
VA10,vBWMR20,91,VR,20,3.0,1,Cook2019_SI5
VA11,vBWMR20,91,VR,20,12.0,1,Cook2019_SI5
VB08,vBWMR20,91,VR,20,4.0,1,Cook2019_SI5
VB09,vBWMR20,91,VR,20,4.0,1,Cook2019_SI5
VB10,vBWMR20,91,VR,20,8.0,1,Cook2019_SI5
VC06,vBWMR20,91,VR,20,1.0,1,Cook2019_SI5
VD09,vBWMR20,91,VR,20,4.0,-1,Cook2019_SI5
VD10,vBWMR20,91,VR,20,4.0,-1,Cook2019_SI5
VD11,vBWMR20,91,VR,20,4.0,-1,Cook2019_SI5
VD12,vBWMR20,91,VR,20,2.0,-1,Cook2019_SI5
PVNR,vBWMR21,92,VR,21,1.0,1,Cook2019_SI5
VA10,vBWMR21,92,VR,21,2.0,1,Cook2019_SI5
VA11,vBWMR21,92,VR,21,3.0,1,Cook2019_SI5
VA12,vBWMR21,92,VR,21,9.0,1,Cook2019_SI5
VB09,vBWMR21,92,VR,21,4.0,1,Cook2019_SI5
VB10,vBWMR21,92,VR,21,1.0,1,Cook2019_SI5
VB11,vBWMR21,92,VR,21,30.0,1,Cook2019_SI5
VD10,vBWMR21,92,VR,21,4.0,-1,Cook2019_SI5
VD11,vBWMR21,92,VR,21,4.0,-1,Cook2019_SI5
VD12,vBWMR21,92,VR,21,4.0,-1,Cook2019_SI5
VD13,vBWMR21,92,VR,21,10.0,-1,Cook2019_SI5
AVKR,vBWMR22,93,VR,22,3.0,1,Cook2019_SI5
VA11,vBWMR22,93,VR,22,3.0,1,Cook2019_SI5
VA12,vBWMR22,93,VR,22,3.0,1,Cook2019_SI5
VB10,vBWMR22,93,VR,22,4.0,1,Cook2019_SI5
VB11,vBWMR22,93,VR,22,4.0,1,Cook2019_SI5
VD11,vBWMR22,93,VR,22,4.0,-1,Cook2019_SI5
VD12,vBWMR22,93,VR,22,4.0,-1,Cook2019_SI5
VD13,vBWMR22,93,VR,22,4.0,-1,Cook2019_SI5
VA11,vBWMR23,94,VR,23,2.0,1,Cook2019_SI5
VA12,vBWMR23,94,VR,23,4.0,1,Cook2019_SI5
VB11,vBWMR23,94,VR,23,4.0,1,Cook2019_SI5
VD12,vBWMR23,94,VR,23,4.0,-1,Cook2019_SI5
VD13,vBWMR23,94,VR,23,4.0,-1,Cook2019_SI5
VA12,vBWMR24,95,VR,24,4.0,1,Cook2019_SI5
VD13,vBWMR24,95,VR,24,4.0,-1,Cook2019_SI5
