idx,parent_idx,label,section,seg,nseg,area_um2,C_m_pF,g_L_nS,e_L_mV,g_C_nS,gbnca_nS,gbnca_density,gbirk_nS,gbirk_density,gbkqt3_nS,gbkqt3_density,gbegl2_nS,gbegl2_density,gbshk1_nS,gbshk1_density,gbkvs1_nS,gbkvs1_density,gbshl1_nS,gbshl1_density,gbegl36_nS,gbegl36_density,gbegl19_nS,gbegl19_density,gbcca1_nS,gbcca1_density,gbunc2_nS,gbunc2_density,gbkcnl_nS,gbkcnl_density,gbslo1_egl19_nS,gbslo1_egl19_density,gbslo1_unc2_nS,gbslo1_unc2_density,gbslo2_egl19_nS,gbslo2_egl19_density,gbslo2_unc2_nS,gbslo2_unc2_density
0,-1,Soma[0],Soma,0,2,12.032300727350703,0.24064601454701406,0.003609690218205211,-65.0,0.0,0.0,0.0,0.0,0.0,2.6471061600171546,0.022,0.0,0.0,0.0,0.0,0.0,0.0,3.128398189111183,0.026,0.0,0.0,0.7219380436410422,0.006,0.0,0.0,0.12032300727350703,0.001,0.0,0.0,0.0,0.0,0.0,0.0,0.0,0.0,0.0,0.0
1,0,Soma[1],Soma,1,2,12.032300727350703,0.24064601454701406,0.003609690218205211,-65.0,1144.0649505942813,0.0,0.0,0.0,0.0,2.6471061600171546,0.022,0.0,0.0,0.0,0.0,0.0,0.0,3.128398189111183,0.026,0.0,0.0,0.7219380436410422,0.006,0.0,0.0,0.12032300727350703,0.001,0.0,0.0,0.0,0.0,0.0,0.0,0.0,0.0,0.0,0.0
2,1,Axon[0],Axon,0,22,4.643787008396231,0.09287574016792463,0.0013931361025188694,-65.0,50.970585817239744,0.0,0.0,0.0,0.0,0.0,0.0,0.0,0.0,0.0,0.0,0.0,0.0,0.0,0.0,0.0,0.0,0.0,0.0,0.0,0.0,0.0,0.0,0.0,0.0,0.0,0.0,0.0,0.0,0.0,0.0,0.0,0.0
3,2,Axon[1],Axon,1,22,4.237339406396188,0.08474678812792377,0.0012712018219188566,-65.0,17.479584433405776,0.0,0.0,0.0,0.0,0.0,0.0,0.0,0.0,0.0,0.0,0.0,0.0,0.0,0.0,0.0,0.0,0.0,0.0,0.0,0.0,0.0,0.0,0.0,0.0,0.0,0.0,0.0,0.0,0.0,0.0,0.0,0.0
4,3,Axon[2],Axon,2,22,4.085656731718737,0.08171313463437474,0.0012256970195156213,-65.0,17.979263518949818,0.0,0.0,0.0,0.0,0.0,0.0,0.0,0.0,0.0,0.0,0.0,0.0,0.0,0.0,0.0,0.0,0.0,0.0,0.0,0.0,0.0,0.0,0.0,0.0,0.0,0.0,0.0,0.0,0.0,0.0,0.0,0.0
5,4,Axon[3],Axon,3,22,4.020352784651406,0.08040705569302811,0.0012061058353954217,-65.0,15.34830055938564,0.0,0.0,0.0,0.0,0.0,0.0,0.0,0.0,0.0,0.0,0.0,0.0,0.0,0.0,0.0,0.0,0.0,0.0,0.0,0.0,0.0,0.0,0.0,0.0,0.0,0.0,0.0,0.0,0.0,0.0,0.0,0.0
6,5,Axon[4],Axon,4,22,4.4925353043558784,0.08985070608711757,0.0013477605913067637,-65.0,18.66014836352991,0.0,0.0,0.0,0.0,0.0,0.0,0.0,0.0,0.0,0.0,0.0,0.0,0.0,0.0,0.0,0.0,0.0,0.0,0.0,0.0,0.0,0.0,0.0,0.0,0.0,0.0,0.0,0.0,0.0,0.0,0.0,0.0
7,6,Axon[5],Axon,5,22,4.5048093712861945,0.09009618742572388,0.0013514428113858582,-65.0,20.943498643143066,0.0,0.0,0.0,0.0,0.0,0.0,0.0,0.0,0.0,0.0,0.0,0.0,0.0,0.0,0.0,0.0,0.0,0.0,0.0,0.0,0.0,0.0,0.0,0.0,0.0,0.0,0.0,0.0,0.0,0.0,0.0,0.0
8,7,Axon[6],Axon,6,22,3.692518510560408,0.07385037021120816,0.0011077555531681226,-65.0,15.62777832534799,0.0,0.0,0.0,0.0,0.0,0.0,0.0,0.0,0.0,0.0,0.0,0.0,0.0,0.0,0.0,0.0,0.0,0.0,0.0,0.0,0.0,0.0,0.0,0.0,0.0,0.0,0.0,0.0,0.0,0.0,0.0,0.0
9,8,Axon[7],Axon,7,22,3.9519021856821057,0.0790380437136421,0.0011855706557046316,-65.0,14.601431490767458,0.0,0.0,0.0,0.0,0.0,0.0,0.0,0.0,0.0,0.0,0.0,0.0,0.0,0.0,0.0,0.0,0.0,0.0,0.0,0.0,0.0,0.0,0.0,0.0,0.0,0.0,0.0,0.0,0.0,0.0,0.0,0.0
10,9,Axon[8],Axon,8,22,3.9430034310777318,0.07886006862155463,0.0011829010293233195,-65.0,16.060624031389864,0.0,0.0,0.0,0.0,0.0,0.0,0.0,0.0,0.0,0.0,0.0,0.0,0.0,0.0,0.0,0.0,0.0,0.0,0.0,0.0,0.0,0.0,0.0,0.0,0.0,0.0,0.0,0.0,0.0,0.0,0.0,0.0
11,10,Axon[9],Axon,9,22,3.7581707967805573,0.07516341593561114,0.0011274512390341673,-65.0,14.855669177626588,0.0,0.0,0.0,0.0,0.0,0.0,0.0,0.0,0.0,0.0,0.0,0.0,0.0,0.0,0.0,0.0,0.0,0.0,0.0,0.0,0.0,0.0,0.0,0.0,0.0,0.0,0.0,0.0,0.0,0.0,0.0,0.0
12,11,Axon[10],Axon,10,22,3.54091232987248,0.0708182465974496,0.001062273698961744,-65.0,13.49060531302817,0.0,0.0,0.0,0.0,0.0,0.0,0.0,0.0,0.0,0.0,0.0,0.0,0.0,0.0,0.0,0.0,0.0,0.0,0.0,0.0,0.0,0.0,0.0,0.0,0.0,0.0,0.0,0.0,0.0,0.0,0.0,0.0
13,12,Axon[11],Axon,11,22,3.233045207437633,0.06466090414875267,0.0009699135622312899,-65.0,10.751890495092935,0.0,0.0,0.0,0.0,0.0,0.0,0.0,0.0,0.0,0.0,0.0,0.0,0.0,0.0,0.0,0.0,0.0,0.0,0.0,0.0,0.0,0.0,0.0,0.0,0.0,0.0,0.0,0.0,0.0,0.0,0.0,0.0
14,13,Axon[12],Axon,12,22,3.708435034145551,0.07416870068291102,0.0011125305102436653,-65.0,12.168949255711805,0.0,0.0,0.0,0.0,0.0,0.0,0.0,0.0,0.0,0.0,0.0,0.0,0.0,0.0,0.0,0.0,0.0,0.0,0.0,0.0,0.0,0.0,0.0,0.0,0.0,0.0,0.0,0.0,0.0,0.0,0.0,0.0
15,14,Axon[13],Axon,13,22,3.7947369410486553,0.07589473882097311,0.0011384210823145967,-65.0,14.334773739262806,0.0,0.0,0.0,0.0,0.0,0.0,0.0,0.0,0.0,0.0,0.0,0.0,0.0,0.0,0.0,0.0,0.0,0.0,0.0,0.0,0.0,0.0,0.0,0.0,0.0,0.0,0.0,0.0,0.0,0.0,0.0,0.0
16,15,Axon[14],Axon,14,22,3.760691173882697,0.07521382347765394,0.0011282073521648092,-65.0,14.159874775856165,0.0,0.0,0.0,0.0,0.0,0.0,0.0,0.0,0.0,0.0,0.0,0.0,0.0,0.0,0.0,0.0,0.0,0.0,0.0,0.0,0.0,0.0,0.0,0.0,0.0,0.0,0.0,0.0,0.0,0.0,0.0,0.0
17,16,Axon[15],Axon,15,22,4.1388705686217016,0.08277741137243402,0.0012416611705865104,-65.0,15.296263098543127,0.0,0.0,0.0,0.0,0.0,0.0,0.0,0.0,0.0,0.0,0.0,0.0,0.0,0.0,0.0,0.0,0.0,0.0,0.0,0.0,0.0,0.0,0.0,0.0,0.0,0.0,0.0,0.0,0.0,0.0,0.0,0.0
18,17,Axon[16],Axon,16,22,4.2488883841037515,0.08497776768207503,0.0012746665152311254,-65.0,18.06108833271362,0.0,0.0,0.0,0.0,0.0,0.0,0.0,0.0,0.0,0.0,0.0,0.0,0.0,0.0,0.0,0.0,0.0,0.0,0.0,0.0,0.0,0.0,0.0,0.0,0.0,0.0,0.0,0.0,0.0,0.0,0.0,0.0
19,18,Axon[17],Axon,17,22,4.365785864582449,0.08731571729164898,0.0013097357593747348,-65.0,18.407821051773777,0.0,0.0,0.0,0.0,0.0,0.0,0.0,0.0,0.0,0.0,0.0,0.0,0.0,0.0,0.0,0.0,0.0,0.0,0.0,0.0,0.0,0.0,0.0,0.0,0.0,0.0,0.0,0.0,0.0,0.0,0.0,0.0
20,19,Axon[18],Axon,18,22,4.347852679021351,0.08695705358042702,0.0013043558037064053,-65.0,19.398804289813324,0.0,0.0,0.0,0.0,0.0,0.0,0.0,0.0,0.0,0.0,0.0,0.0,0.0,0.0,0.0,0.0,0.0,0.0,0.0,0.0,0.0,0.0,0.0,0.0,0.0,0.0,0.0,0.0,0.0,0.0,0.0,0.0
21,20,Axon[19],Axon,19,22,3.4276205932020525,0.06855241186404105,0.0010282861779606159,-65.0,16.007246341565473,0.0,0.0,0.0,0.0,0.0,0.0,0.0,0.0,0.0,0.0,0.0,0.0,0.0,0.0,0.0,0.0,0.0,0.0,0.0,0.0,0.0,0.0,0.0,0.0,0.0,0.0,0.0,0.0,0.0,0.0,0.0,0.0
22,21,Axon[20],Axon,20,22,2.962951432094523,0.05925902864189046,0.0008888854296283569,-65.0,9.051979214659193,0.0,0.0,0.0,0.0,0.0,0.0,0.0,0.0,0.0,0.0,0.0,0.0,0.0,0.0,0.0,0.0,0.0,0.0,0.0,0.0,0.0,0.0,0.0,0.0,0.0,0.0,0.0,0.0,0.0,0.0,0.0,0.0
23,22,Axon[21],Axon,21,22,3.3783590892281214,0.06756718178456243,0.0010135077267684365,-65.0,9.606111507542728,0.0,0.0,0.0,0.0,0.0,0.0,0.0,0.0,0.0,0.0,0.0,0.0,0.0,0.0,0.0,0.0,0.0,0.0,0.0,0.0,0.0,0.0,0.0,0.0,0.0,0.0,0.0,0.0,0.0,0.0,0.0,0.0
24,1,Dendrite2[0],Dendrite2,0,17,8.048824157582994,0.16097648315165988,0.0024146472472748983,-65.0,22.026883406468272,0.0,0.0,0.0,0.0,0.0,0.0,0.0,0.0,0.0,0.0,0.0,0.0,0.0,0.0,0.0,0.0,0.0,0.0,0.0,0.0,0.0,0.0,0.0,0.0,0.0,0.0,0.0,0.0,0.0,0.0,0.0,0.0
25,24,Dendrite2[1],Dendrite2,1,17,7.988540653721986,0.15977081307443974,0.002396562196116596,-65.0,9.178677468276389,0.0,0.0,0.0,0.0,0.0,0.0,0.0,0.0,0.0,0.0,0.0,0.0,0.0,0.0,0.0,0.0,0.0,0.0,0.0,0.0,0.0,0.0,0.0,0.0,0.0,0.0,0.0,0.0,0.0,0.0,0.0,0.0
26,25,Dendrite2[2],Dendrite2,2,17,8.807643113820479,0.17615286227640958,0.0026422929341461438,-65.0,11.215933456516138,0.0,0.0,0.0,0.0,0.0,0.0,0.0,0.0,0.0,0.0,0.0,0.0,0.0,0.0,0.0,0.0,0.0,0.0,0.0,0.0,0.0,0.0,0.0,0.0,0.0,0.0,0.0,0.0,0.0,0.0,0.0,0.0
27,26,Dendrite2[3],Dendrite2,3,17,8.324221993154453,0.16648443986308906,0.002497266597946336,-65.0,11.888529171820071,0.0,0.0,0.0,0.0,0.0,0.0,0.0,0.0,0.0,0.0,0.0,0.0,0.0,0.0,0.0,0.0,0.0,0.0,0.0,0.0,0.0,0.0,0.0,0.0,0.0,0.0,0.0,0.0,0.0,0.0,0.0,0.0
28,27,Dendrite2[4],Dendrite2,4,17,8.178834652134304,0.16357669304268607,0.0024536503956402913,-65.0,10.529693813305556,0.0,0.0,0.0,0.0,0.0,0.0,0.0,0.0,0.0,0.0,0.0,0.0,0.0,0.0,0.0,0.0,0.0,0.0,0.0,0.0,0.0,0.0,0.0,0.0,0.0,0.0,0.0,0.0,0.0,0.0,0.0,0.0
29,28,Dendrite2[5],Dendrite2,5,17,8.750308623195831,0.17500617246391661,0.0026250925869587497,-65.0,10.951672897583224,0.0,0.0,0.0,0.0,0.0,0.0,0.0,0.0,0.0,0.0,0.0,0.0,0.0,0.0,0.0,0.0,0.0,0.0,0.0,0.0,0.0,0.0,0.0,0.0,0.0,0.0,0.0,0.0,0.0,0.0,0.0,0.0
30,29,Dendrite2[6],Dendrite2,6,17,9.07102502161827,0.1814205004323654,0.0027213075064854812,-65.0,12.837592990726122,0.0,0.0,0.0,0.0,0.0,0.0,0.0,0.0,0.0,0.0,0.0,0.0,0.0,0.0,0.0,0.0,0.0,0.0,0.0,0.0,0.0,0.0,0.0,0.0,0.0,0.0,0.0,0.0,0.0,0.0,0.0,0.0
31,30,Dendrite2[7],Dendrite2,7,17,9.071025021618272,0.18142050043236546,0.002721307506485482,-65.0,12.957607415116817,0.0,0.0,0.0,0.0,0.0,0.0,0.0,0.0,0.0,0.0,0.0,0.0,0.0,0.0,0.0,0.0,0.0,0.0,0.0,0.0,0.0,0.0,0.0,0.0,0.0,0.0,0.0,0.0,0.0,0.0,0.0,0.0
32,31,Dendrite2[8],Dendrite2,8,17,9.090171880508976,0.1818034376101795,0.0027270515641526927,-65.0,12.968859790178334,0.0,0.0,0.0,0.0,0.0,0.0,0.0,0.0,0.0,0.0,0.0,0.0,0.0,0.0,0.0,0.0,0.0,0.0,0.0,0.0,0.0,0.0,0.0,0.0,0.0,0.0,0.0,0.0,0.0,0.0,0.0,0.0
33,32,Dendrite2[9],Dendrite2,9,17,9.135700193082892,0.18271400386165784,0.0027407100579248675,-65.0,13.077303096703561,0.0,0.0,0.0,0.0,0.0,0.0,0.0,0.0,0.0,0.0,0.0,0.0,0.0,0.0,0.0,0.0,0.0,0.0,0.0,0.0,0.0,0.0,0.0,0.0,0.0,0.0,0.0,0.0,0.0,0.0,0.0,0.0
34,33,Dendrite2[10],Dendrite2,10,17,9.181391731697607,0.18362783463395213,0.0027544175195092823,-65.0,13.208770980207941,0.0,0.0,0.0,0.0,0.0,0.0,0.0,0.0,0.0,0.0,0.0,0.0,0.0,0.0,0.0,0.0,0.0,0.0,0.0,0.0,0.0,0.0,0.0,0.0,0.0,0.0,0.0,0.0,0.0,0.0,0.0,0.0
35,34,Dendrite2[11],Dendrite2,11,17,9.211065166575695,0.1842213033315139,0.0027633195499727086,-65.0,13.333395240915323,0.0,0.0,0.0,0.0,0.0,0.0,0.0,0.0,0.0,0.0,0.0,0.0,0.0,0.0,0.0,0.0,0.0,0.0,0.0,0.0,0.0,0.0,0.0,0.0,0.0,0.0,0.0,0.0,0.0,0.0,0.0,0.0
36,35,Dendrite2[12],Dendrite2,12,17,9.211669614493815,0.18423339228987629,0.0027635008843481445,-65.0,13.36253310773756,0.0,0.0,0.0,0.0,0.0,0.0,0.0,0.0,0.0,0.0,0.0,0.0,0.0,0.0,0.0,0.0,0.0,0.0,0.0,0.0,0.0,0.0,0.0,0.0,0.0,0.0,0.0,0.0,0.0,0.0,0.0,0.0
37,36,Dendrite2[13],Dendrite2,13,17,9.211669614493788,0.18423339228987576,0.0027635008843481367,-65.0,13.36253310773756,0.0,0.0,0.0,0.0,0.0,0.0,0.0,0.0,0.0,0.0,0.0,0.0,0.0,0.0,0.0,0.0,0.0,0.0,0.0,0.0,0.0,0.0,0.0,0.0,0.0,0.0,0.0,0.0,0.0,0.0,0.0,0.0
38,37,Dendrite2[14],Dendrite2,14,17,9.199315594465281,0.18398631188930561,0.0027597946783395845,-65.0,13.362533107737601,0.0,0.0,0.0,0.0,0.0,0.0,0.0,0.0,0.0,0.0,0.0,0.0,0.0,0.0,0.0,0.0,0.0,0.0,0.0,0.0,0.0,0.0,0.0,0.0,0.0,0.0,0.0,0.0,0.0,0.0,0.0,0.0
39,38,Dendrite2[15],Dendrite2,15,17,9.100392073645219,0.18200784147290439,0.0027301176220935657,-65.0,13.201369773010565,0.0,0.0,0.0,0.0,0.0,0.0,0.0,0.0,0.0,0.0,0.0,0.0,0.0,0.0,0.0,0.0,0.0,0.0,0.0,0.0,0.0,0.0,0.0,0.0,0.0,0.0,0.0,0.0,0.0,0.0,0.0,0.0
40,39,Dendrite2[16],Dendrite2,16,17,9.082836267033162,0.18165672534066324,0.002724850880109949,-65.0,12.963880064973711,0.0,0.0,0.0,0.0,0.0,0.0,0.0,0.0,0.0,0.0,0.0,0.0,0.0,0.0,0.0,0.0,0.0,0.0,0.0,0.0,0.0,0.0,0.0,0.0,0.0,0.0,0.0,0.0,0.0,0.0,0.0,0.0
