idx,parent_idx,label,section,seg,nseg,area_um2,C_m_pF,g_L_nS,e_L_mV,g_C_nS,gbnca_nS,gbnca_density,gbirk_nS,gbirk_density,gbkqt3_nS,gbkqt3_density,gbegl2_nS,gbegl2_density,gbshk1_nS,gbshk1_density,gbkvs1_nS,gbkvs1_density,gbshl1_nS,gbshl1_density,gbegl36_nS,gbegl36_density,gbegl19_nS,gbegl19_density,gbcca1_nS,gbcca1_density,gbunc2_nS,gbunc2_density,gbkcnl_nS,gbkcnl_density,gbslo1_unc2_nS,gbslo1_unc2_density
0,-1,Soma[0],Soma,0,2,4.948008234642791,0.3958406587714233,0.003463605764249954,-33.0,0.0,0.03463605764249954,0.0007,0.0,0.0,0.0,0.0,0.0,0.0,0.049480082346427916,0.001,0.0,0.0,0.019792032938571166,0.0004,0.0,0.0,0.09896016469285583,0.002,0.029688049407856743,0.0006,0.004948008234642792,0.0001,0.24740041173213959,0.005,2.9688049407856747,0.06
1,0,Soma[1],Soma,1,2,4.948008234642791,0.3958406587714233,0.003463605764249954,-33.0,1858.5912418851938,0.03463605764249954,0.0007,0.0,0.0,0.0,0.0,0.0,0.0,0.049480082346427916,0.001,0.0,0.0,0.019792032938571166,0.0004,0.0,0.0,0.09896016469285583,0.002,0.029688049407856743,0.0006,0.004948008234642792,0.0001,0.24740041173213959,0.005,2.9688049407856747,0.06
2,1,Axon[0],Axon,0,42,27.16777786176432,2.173422228941146,0.019017444503235024,-33.0,11.774045933486091,0.0,0.0,0.0,0.0,0.0,0.0,0.0,0.0,0.0,0.0,0.0,0.0,0.0,0.0,0.0,0.0,0.0,0.0,0.0,0.0,0.0,0.0,0.0,0.0,0.0,0.0
3,2,Axon[1],Axon,1,42,26.199322056282615,2.095945764502609,0.01833952543939783,-33.0,8.241534984575582,0.0,0.0,0.0,0.0,0.0,0.0,0.0,0.0,0.0,0.0,0.0,0.0,0.0,0.0,0.0,0.0,0.0,0.0,0.0,0.0,0.0,0.0,0.0,0.0,0.0,0.0
4,3,Axon[2],Axon,2,42,23.911970230115465,1.9129576184092372,0.016738379161080823,-33.0,5.767714615753715,0.0,0.0,0.0,0.0,0.0,0.0,0.0,0.0,0.0,0.0,0.0,0.0,0.0,0.0,0.0,0.0,0.0,0.0,0.0,0.0,0.0,0.0,0.0,0.0,0.0,0.0
5,4,Axon[3],Axon,3,42,23.947073199520634,1.9157658559616508,0.016762951239664443,-33.0,5.6888760524530735,0.0,0.0,0.0,0.0,0.0,0.0,0.0,0.0,0.0,0.0,0.0,0.0,0.0,0.0,0.0,0.0,0.0,0.0,0.0,0.0,0.0,0.0,0.0,0.0,0.0,0.0
6,5,Axon[4],Axon,4,42,26.32119181106502,2.1056953448852016,0.01842483426774551,-33.0,5.953479500645445,0.0,0.0,0.0,0.0,0.0,0.0,0.0,0.0,0.0,0.0,0.0,0.0,0.0,0.0,0.0,0.0,0.0,0.0,0.0,0.0,0.0,0.0,0.0,0.0,0.0,0.0
7,6,Axon[5],Axon,5,42,27.469176504801606,2.1975341203841285,0.019228423553361122,-33.0,7.4853630330012395,0.0,0.0,0.0,0.0,0.0,0.0,0.0,0.0,0.0,0.0,0.0,0.0,0.0,0.0,0.0,0.0,0.0,0.0,0.0,0.0,0.0,0.0,0.0,0.0,0.0,0.0
8,7,Axon[6],Axon,6,42,27.469176504801606,2.1975341203841285,0.019228423553361122,-33.0,7.485363033001252,0.0,0.0,0.0,0.0,0.0,0.0,0.0,0.0,0.0,0.0,0.0,0.0,0.0,0.0,0.0,0.0,0.0,0.0,0.0,0.0,0.0,0.0,0.0,0.0,0.0,0.0
9,8,Axon[7],Axon,7,42,26.043297772506705,2.083463821800536,0.018230308440754694,-33.0,7.474667306142008,0.0,0.0,0.0,0.0,0.0,0.0,0.0,0.0,0.0,0.0,0.0,0.0,0.0,0.0,0.0,0.0,0.0,0.0,0.0,0.0,0.0,0.0,0.0,0.0,0.0,0.0
10,9,Axon[8],Axon,8,42,23.947073199520663,1.9157658559616528,0.01676295123966446,-33.0,5.843310325651426,0.0,0.0,0.0,0.0,0.0,0.0,0.0,0.0,0.0,0.0,0.0,0.0,0.0,0.0,0.0,0.0,0.0,0.0,0.0,0.0,0.0,0.0,0.0,0.0,0.0,0.0
11,10,Axon[9],Axon,9,42,24.365019164649535,1.9492015331719628,0.017055513415254672,-33.0,5.688876052453068,0.0,0.0,0.0,0.0,0.0,0.0,0.0,0.0,0.0,0.0,0.0,0.0,0.0,0.0,0.0,0.0,0.0,0.0,0.0,0.0,0.0,0.0,0.0,0.0,0.0,0.0
12,11,Axon[10],Axon,10,42,27.03714150017527,2.1629713200140217,0.01892599905012269,-33.0,6.490403186750062,0.0,0.0,0.0,0.0,0.0,0.0,0.0,0.0,0.0,0.0,0.0,0.0,0.0,0.0,0.0,0.0,0.0,0.0,0.0,0.0,0.0,0.0,0.0,0.0,0.0,0.0
13,12,Axon[11],Axon,11,42,27.435910068249107,2.1948728054599287,0.019205137047774372,-33.0,7.628269691657876,0.0,0.0,0.0,0.0,0.0,0.0,0.0,0.0,0.0,0.0,0.0,0.0,0.0,0.0,0.0,0.0,0.0,0.0,0.0,0.0,0.0,0.0,0.0,0.0,0.0,0.0
14,13,Axon[12],Axon,12,42,24.468847699497402,1.957507815959792,0.017128193389648178,-33.0,6.683737462110183,0.0,0.0,0.0,0.0,0.0,0.0,0.0,0.0,0.0,0.0,0.0,0.0,0.0,0.0,0.0,0.0,0.0,0.0,0.0,0.0,0.0,0.0,0.0,0.0,0.0,0.0
15,14,Axon[13],Axon,13,42,23.598948390180865,1.8879158712144692,0.016519263873126605,-33.0,5.610613384634579,0.0,0.0,0.0,0.0,0.0,0.0,0.0,0.0,0.0,0.0,0.0,0.0,0.0,0.0,0.0,0.0,0.0,0.0,0.0,0.0,0.0,0.0,0.0,0.0,0.0,0.0
16,15,Axon[14],Axon,14,42,23.65591923375533,1.8924735387004263,0.016559143463628728,-33.0,5.459435968964294,0.0,0.0,0.0,0.0,0.0,0.0,0.0,0.0,0.0,0.0,0.0,0.0,0.0,0.0,0.0,0.0,0.0,0.0,0.0,0.0,0.0,0.0,0.0,0.0,0.0,0.0
17,16,Axon[15],Axon,15,42,23.947073199520585,1.9157658559616468,0.016762951239664408,-33.0,5.677791787075455,0.0,0.0,0.0,0.0,0.0,0.0,0.0,0.0,0.0,0.0,0.0,0.0,0.0,0.0,0.0,0.0,0.0,0.0,0.0,0.0,0.0,0.0,0.0,0.0,0.0,0.0
18,17,Axon[16],Axon,16,42,23.947073199520663,1.9157658559616528,0.01676295123966446,-33.0,5.688876052453068,0.0,0.0,0.0,0.0,0.0,0.0,0.0,0.0,0.0,0.0,0.0,0.0,0.0,0.0,0.0,0.0,0.0,0.0,0.0,0.0,0.0,0.0,0.0,0.0,0.0,0.0
19,18,Axon[17],Axon,17,42,23.932635468630618,1.9146108374904496,0.01675284482804143,-33.0,5.688876052453087,0.0,0.0,0.0,0.0,0.0,0.0,0.0,0.0,0.0,0.0,0.0,0.0,0.0,0.0,0.0,0.0,0.0,0.0,0.0,0.0,0.0,0.0,0.0,0.0,0.0,0.0
20,19,Axon[18],Axon,18,42,23.672323428072197,1.8937858742457756,0.016570626399650536,-33.0,5.63733554616805,0.0,0.0,0.0,0.0,0.0,0.0,0.0,0.0,0.0,0.0,0.0,0.0,0.0,0.0,0.0,0.0,0.0,0.0,0.0,0.0,0.0,0.0,0.0,0.0,0.0,0.0
21,20,Axon[19],Axon,19,42,24.018465967969465,1.921477277437557,0.016812926177578624,-33.0,5.4771780778254096,0.0,0.0,0.0,0.0,0.0,0.0,0.0,0.0,0.0,0.0,0.0,0.0,0.0,0.0,0.0,0.0,0.0,0.0,0.0,0.0,0.0,0.0,0.0,0.0,0.0,0.0
22,21,Axon[20],Axon,20,42,27.675599209797067,2.214047936783765,0.019372919446857945,-33.0,6.7754158363862675,0.0,0.0,0.0,0.0,0.0,0.0,0.0,0.0,0.0,0.0,0.0,0.0,0.0,0.0,0.0,0.0,0.0,0.0,0.0,0.0,0.0,0.0,0.0,0.0,0.0,0.0
23,22,Axon[21],Axon,21,42,23.874681362128275,1.909974508970262,0.016712276953489792,-33.0,6.313805044271259,0.0,0.0,0.0,0.0,0.0,0.0,0.0,0.0,0.0,0.0,0.0,0.0,0.0,0.0,0.0,0.0,0.0,0.0,0.0,0.0,0.0,0.0,0.0,0.0,0.0,0.0
24,23,Axon[22],Axon,22,42,23.673257124922085,1.8938605699937667,0.01657127998744546,-33.0,5.8157329815939285,0.0,0.0,0.0,0.0,0.0,0.0,0.0,0.0,0.0,0.0,0.0,0.0,0.0,0.0,0.0,0.0,0.0,0.0,0.0,0.0,0.0,0.0,0.0,0.0,0.0,0.0
25,24,Axon[23],Axon,23,42,25.928679300623248,2.07429434404986,0.01815007551043627,-33.0,5.498399016736944,0.0,0.0,0.0,0.0,0.0,0.0,0.0,0.0,0.0,0.0,0.0,0.0,0.0,0.0,0.0,0.0,0.0,0.0,0.0,0.0,0.0,0.0,0.0,0.0,0.0,0.0
26,25,Axon[24],Axon,24,42,25.92940253907343,2.0743522031258745,0.0181505817773514,-33.0,7.2584550598972255,0.0,0.0,0.0,0.0,0.0,0.0,0.0,0.0,0.0,0.0,0.0,0.0,0.0,0.0,0.0,0.0,0.0,0.0,0.0,0.0,0.0,0.0,0.0,0.0,0.0,0.0
27,26,Axon[25],Axon,25,42,23.62158467982501,1.8897267743860007,0.016535109275877508,-33.0,5.985577314959754,0.0,0.0,0.0,0.0,0.0,0.0,0.0,0.0,0.0,0.0,0.0,0.0,0.0,0.0,0.0,0.0,0.0,0.0,0.0,0.0,0.0,0.0,0.0,0.0,0.0,0.0
28,27,Axon[26],Axon,26,42,23.308367598800434,1.8646694079040347,0.016315857319160302,-33.0,5.389460654300953,0.0,0.0,0.0,0.0,0.0,0.0,0.0,0.0,0.0,0.0,0.0,0.0,0.0,0.0,0.0,0.0,0.0,0.0,0.0,0.0,0.0,0.0,0.0,0.0,0.0,0.0
29,28,Axon[27],Axon,27,42,23.308367598800434,1.8646694079040347,0.016315857319160302,-33.0,5.389460654300918,0.0,0.0,0.0,0.0,0.0,0.0,0.0,0.0,0.0,0.0,0.0,0.0,0.0,0.0,0.0,0.0,0.0,0.0,0.0,0.0,0.0,0.0,0.0,0.0,0.0,0.0
30,29,Axon[28],Axon,28,42,23.541340054145714,1.8833072043316572,0.016478938037902,-33.0,5.391336618675021,0.0,0.0,0.0,0.0,0.0,0.0,0.0,0.0,0.0,0.0,0.0,0.0,0.0,0.0,0.0,0.0,0.0,0.0,0.0,0.0,0.0,0.0,0.0,0.0,0.0,0.0
31,30,Axon[29],Axon,29,42,23.85140200785792,1.9081121606286335,0.01669598140550054,-33.0,5.631319286893058,0.0,0.0,0.0,0.0,0.0,0.0,0.0,0.0,0.0,0.0,0.0,0.0,0.0,0.0,0.0,0.0,0.0,0.0,0.0,0.0,0.0,0.0,0.0,0.0,0.0,0.0
32,31,Axon[30],Axon,30,42,23.707164604593075,1.896573168367446,0.016595015223215152,-33.0,5.609383248235458,0.0,0.0,0.0,0.0,0.0,0.0,0.0,0.0,0.0,0.0,0.0,0.0,0.0,0.0,0.0,0.0,0.0,0.0,0.0,0.0,0.0,0.0,0.0,0.0,0.0,0.0
33,32,Axon[31],Axon,31,42,23.56292720132831,1.885034176106265,0.01649404904092982,-33.0,5.541539615951074,0.0,0.0,0.0,0.0,0.0,0.0,0.0,0.0,0.0,0.0,0.0,0.0,0.0,0.0,0.0,0.0,0.0,0.0,0.0,0.0,0.0,0.0,0.0,0.0,0.0,0.0
34,33,Axon[32],Axon,32,42,23.418689798063696,1.8734951838450957,0.016393082858644586,-33.0,5.474108752950434,0.0,0.0,0.0,0.0,0.0,0.0,0.0,0.0,0.0,0.0,0.0,0.0,0.0,0.0,0.0,0.0,0.0,0.0,0.0,0.0,0.0,0.0,0.0,0.0,0.0,0.0
35,34,Axon[33],Axon,33,42,25.502958435609244,2.0402366748487397,0.017852070904926468,-33.0,5.528023298746262,0.0,0.0,0.0,0.0,0.0,0.0,0.0,0.0,0.0,0.0,0.0,0.0,0.0,0.0,0.0,0.0,0.0,0.0,0.0,0.0,0.0,0.0,0.0,0.0,0.0,0.0
36,35,Axon[34],Axon,34,42,27.469176504801716,2.1975341203841374,0.019228423553361202,-33.0,7.3895620653039105,0.0,0.0,0.0,0.0,0.0,0.0,0.0,0.0,0.0,0.0,0.0,0.0,0.0,0.0,0.0,0.0,0.0,0.0,0.0,0.0,0.0,0.0,0.0,0.0,0.0,0.0
37,36,Axon[35],Axon,35,42,27.46917650480154,2.197534120384123,0.019228423553361077,-33.0,7.485363033001215,0.0,0.0,0.0,0.0,0.0,0.0,0.0,0.0,0.0,0.0,0.0,0.0,0.0,0.0,0.0,0.0,0.0,0.0,0.0,0.0,0.0,0.0,0.0,0.0,0.0,0.0
38,37,Axon[36],Axon,36,42,27.46917650480154,2.197534120384123,0.019228423553361077,-33.0,7.4853630330012635,0.0,0.0,0.0,0.0,0.0,0.0,0.0,0.0,0.0,0.0,0.0,0.0,0.0,0.0,0.0,0.0,0.0,0.0,0.0,0.0,0.0,0.0,0.0,0.0,0.0,0.0
39,38,Axon[37],Axon,37,42,25.13850066622018,2.0110800532976145,0.017596950466354126,-33.0,7.1112370206109,0.0,0.0,0.0,0.0,0.0,0.0,0.0,0.0,0.0,0.0,0.0,0.0,0.0,0.0,0.0,0.0,0.0,0.0,0.0,0.0,0.0,0.0,0.0,0.0,0.0,0.0
40,39,Axon[38],Axon,38,42,26.22961716521977,2.0983693732175817,0.018360732015653837,-33.0,6.063616712125003,0.0,0.0,0.0,0.0,0.0,0.0,0.0,0.0,0.0,0.0,0.0,0.0,0.0,0.0,0.0,0.0,0.0,0.0,0.0,0.0,0.0,0.0,0.0,0.0,0.0,0.0
41,40,Axon[39],Axon,39,42,25.284863286692094,2.0227890629353675,0.017699404300684465,-33.0,6.896209073915191,0.0,0.0,0.0,0.0,0.0,0.0,0.0,0.0,0.0,0.0,0.0,0.0,0.0,0.0,0.0,0.0,0.0,0.0,0.0,0.0,0.0,0.0,0.0,0.0,0.0,0.0
42,41,Axon[40],Axon,40,42,25.99429660383798,2.0795437283070384,0.018196007622686583,-33.0,6.228773664049763,0.0,0.0,0.0,0.0,0.0,0.0,0.0,0.0,0.0,0.0,0.0,0.0,0.0,0.0,0.0,0.0,0.0,0.0,0.0,0.0,0.0,0.0,0.0,0.0,0.0,0.0
43,42,Axon[41],Axon,41,42,27.575327217178717,2.2060261773742975,0.019302729052025104,-33.0,7.167247869333712,0.0,0.0,0.0,0.0,0.0,0.0,0.0,0.0,0.0,0.0,0.0,0.0,0.0,0.0,0.0,0.0,0.0,0.0,0.0,0.0,0.0,0.0,0.0,0.0,0.0,0.0
44,1,Dendrite2[0],Dendrite2,0,8,4.543436411209021,0.3634749128967217,0.0031804054878463144,-33.0,93.5795074882095,0.0,0.0,0.0,0.0,0.0,0.0,0.0,0.0,0.0,0.0,0.0,0.0,0.0,0.0,0.0,0.0,0.0,0.0,0.0,0.0,0.0,0.0,0.0,0.0,0.0,0.0
45,44,Dendrite2[1],Dendrite2,1,8,4.50610933007334,0.3604887464058672,0.0031542765310513376,-33.0,47.99809862612611,0.0,0.0,0.0,0.0,0.0,0.0,0.0,0.0,0.0,0.0,0.0,0.0,0.0,0.0,0.0,0.0,0.0,0.0,0.0,0.0,0.0,0.0,0.0,0.0,0.0,0.0
46,45,Dendrite2[2],Dendrite2,2,8,4.134850165315866,0.33078801322526924,0.002894395115721106,-33.0,43.986918596715235,0.0,0.0,0.0,0.0,0.0,0.0,0.0,0.0,0.0,0.0,0.0,0.0,0.0,0.0,0.0,0.0,0.0,0.0,0.0,0.0,0.0,0.0,0.0,0.0,0.0,0.0
47,46,Dendrite2[3],Dendrite2,3,8,3.798512165959449,0.3038809732767559,0.002658958516171614,-33.0,36.095589270859485,0.0,0.0,0.0,0.0,0.0,0.0,0.0,0.0,0.0,0.0,0.0,0.0,0.0,0.0,0.0,0.0,0.0,0.0,0.0,0.0,0.0,0.0,0.0,0.0,0.0,0.0
48,47,Dendrite2[4],Dendrite2,4,8,3.9006068487923122,0.312048547903385,0.0027304247941546188,-33.0,33.30149108115323,0.0,0.0,0.0,0.0,0.0,0.0,0.0,0.0,0.0,0.0,0.0,0.0,0.0,0.0,0.0,0.0,0.0,0.0,0.0,0.0,0.0,0.0,0.0,0.0,0.0,0.0
49,48,Dendrite2[5],Dendrite2,5,8,4.229529364343533,0.3383623491474827,0.002960670555040473,-33.0,38.11991494359148,0.0,0.0,0.0,0.0,0.0,0.0,0.0,0.0,0.0,0.0,0.0,0.0,0.0,0.0,0.0,0.0,0.0,0.0,0.0,0.0,0.0,0.0,0.0,0.0,0.0,0.0
50,49,Dendrite2[6],Dendrite2,6,8,4.375710065991868,0.3500568052793494,0.003062997046194307,-33.0,43.996784751694925,0.0,0.0,0.0,0.0,0.0,0.0,0.0,0.0,0.0,0.0,0.0,0.0,0.0,0.0,0.0,0.0,0.0,0.0,0.0,0.0,0.0,0.0,0.0,0.0,0.0,0.0
51,50,Dendrite2[7],Dendrite2,7,8,4.330645364209065,0.3464516291367252,0.0030314517549463456,-33.0,44.180413741417986,0.0,0.0,0.0,0.0,0.0,0.0,0.0,0.0,0.0,0.0,0.0,0.0,0.0,0.0,0.0,0.0,0.0,0.0,0.0,0.0,0.0,0.0,0.0,0.0,0.0,0.0
52,1,Dendrite3[0],Dendrite3,0,9,3.6622376282745583,0.29297901026196466,0.0025635663397921907,-33.0,72.93835580421572,0.0,0.0,0.0,0.0,0.0,0.0,0.0,0.0,0.0,0.0,0.0,0.0,0.0,0.0,0.0,0.0,0.0,0.0,0.0,0.0,0.0,0.0,0.0,0.0,0.0,0.0
53,52,Dendrite3[1],Dendrite3,1,9,3.6622376282745583,0.29297901026196466,0.0025635663397921907,-33.0,37.19909658491457,0.0,0.0,0.0,0.0,0.0,0.0,0.0,0.0,0.0,0.0,0.0,0.0,0.0,0.0,0.0,0.0,0.0,0.0,0.0,0.0,0.0,0.0,0.0,0.0,0.0,0.0
54,53,Dendrite3[2],Dendrite3,2,9,3.6622376282745597,0.29297901026196477,0.0025635663397921915,-33.0,37.19909658491457,0.0,0.0,0.0,0.0,0.0,0.0,0.0,0.0,0.0,0.0,0.0,0.0,0.0,0.0,0.0,0.0,0.0,0.0,0.0,0.0,0.0,0.0,0.0,0.0,0.0,0.0
55,54,Dendrite3[3],Dendrite3,3,9,3.08536290896053,0.24682903271684237,0.0021597540362723704,-33.0,32.38063107846468,0.0,0.0,0.0,0.0,0.0,0.0,0.0,0.0,0.0,0.0,0.0,0.0,0.0,0.0,0.0,0.0,0.0,0.0,0.0,0.0,0.0,0.0,0.0,0.0,0.0,0.0
56,55,Dendrite3[4],Dendrite3,4,9,3.082564854306867,0.24660518834454936,0.0021577953980148066,-33.0,23.943713168967726,0.0,0.0,0.0,0.0,0.0,0.0,0.0,0.0,0.0,0.0,0.0,0.0,0.0,0.0,0.0,0.0,0.0,0.0,0.0,0.0,0.0,0.0,0.0,0.0,0.0,0.0
57,56,Dendrite3[5],Dendrite3,5,9,3.874697235714552,0.30997577885716415,0.002712288065000186,-33.0,32.29060057605794,0.0,0.0,0.0,0.0,0.0,0.0,0.0,0.0,0.0,0.0,0.0,0.0,0.0,0.0,0.0,0.0,0.0,0.0,0.0,0.0,0.0,0.0,0.0,0.0,0.0,0.0
58,57,Dendrite3[6],Dendrite3,6,9,4.124552743596649,0.3299642194877319,0.002887186920517654,-33.0,46.64162385856479,0.0,0.0,0.0,0.0,0.0,0.0,0.0,0.0,0.0,0.0,0.0,0.0,0.0,0.0,0.0,0.0,0.0,0.0,0.0,0.0,0.0,0.0,0.0,0.0,0.0,0.0
59,58,Dendrite3[7],Dendrite3,7,9,4.222903380201098,0.3378322704160878,0.0029560323661407682,-33.0,47.763351140360065,0.0,0.0,0.0,0.0,0.0,0.0,0.0,0.0,0.0,0.0,0.0,0.0,0.0,0.0,0.0,0.0,0.0,0.0,0.0,0.0,0.0,0.0,0.0,0.0,0.0,0.0
60,59,Dendrite3[8],Dendrite3,8,9,4.251128238465796,0.3400902590772637,0.0029757897669260573,-33.0,50.597337031590314,0.0,0.0,0.0,0.0,0.0,0.0,0.0,0.0,0.0,0.0,0.0,0.0,0.0,0.0,0.0,0.0,0.0,0.0,0.0,0.0,0.0,0.0,0.0,0.0,0.0,0.0
